AnimalsInfo,Species,Breed,Production category,Sex,Date of Birth,Animal ID of Father,Animal ID of Mother,Original Owner Name,Original Owner Mobile ,Original Owner Location _ Lattitude,Original Owner Location _ Longitude
KHM0001001001,Cattle,Guernsey,Dairy,Male,6/5/14,KHM0001000012,KHM0001000023,Yot KhunYozz,820339958,19.872412,99.17162
KHM0001001002,Kiwi,NZ Choice,KFC,Female,9/1/97,KHM0001000013,KHM0001000024,Temmerity,998900336,39.294289,-76.616243
LAO0001001001,Lorax,Florid,Costume Jewelry,Male,9/6/96,KHM0001000014,KHM0001000025,Sammich,(831) 234-0384,36.951727,-122.025597
MMR0001001001,Buffalo,Hippique,Traction,Male,9/5/95,KHM0001000015,KHM0001000026,Drewid,(206) 779-3739,47.6205063,-122.3492774
MMR0001001002,Tiger,Mekong,Hello Kitty,Male,1/1/00,KHM0001000016,KHM0001000027,Davidoff,(510) 220-4567,47.8080346,107.5299363
KHM0001000001,Cattle,,,,,,,,,,
KHM0001000002,Cattle,,,,,,,,,,
KHM0001000003,Cattle,,,,,,,,,,
KHM0001000004,Cattle,,,,,,,,,,
KHM0001000005,Cattle,,,,,,,,,,
KHM0001000006,Cattle,,,,,,,,,,
KHM0001000007,Cattle,,,,,,,,,,
KHM0001000008,Cattle,,,,,,,,,,
KHM0001000009,Cattle,,,,,,,,,,
KHM0001000010,Cattle,,,,,,,,,,
KHM0001000011,Cattle,,,,,,,,,,
KHM0001000012,Cattle,,,,,,,,,,
KHM0001000013,Cattle,,,,,,,,,,
KHM0001000014,Cattle,,,,,,,,,,
KHM0001000015,Cattle,,,,,,,,,,
KHM0001000016,Cattle,,,,,,,,,,
KHM0001000017,Cattle,,,,,,,,,,
KHM0001000018,Cattle,,,,,,,,,,
KHM0001000019,Cattle,,,,,,,,,,
KHM0001000020,Cattle,,,,,,,,,,
KHM0001000021,Cattle,,,,,,,,,,
KHM0001000022,Cattle,,,,,,,,,,
KHM0001000023,Cattle,,,,,,,,,,
KHM0001000024,Cattle,,,,,,,,,,
KHM0001000025,Cattle,,,,,,,,,,
KHM0001000026,Cattle,,,,,,,,,,
KHM0001000027,Cattle,,,,,,,,,,
KHM0001000028,Cattle,,,,,,,,,,
KHM0001000029,Cattle,,,,,,,,,,
KHM0001000030,Cattle,,,,,,,,,,
KHM0001000031,Cattle,,,,,,,,,,
KHM0001000032,Cattle,,,,,,,,,,
KHM0001000033,Cattle,,,,,,,,,,
KHM0001000034,Cattle,,,,,,,,,,
KHM0001000035,Cattle,,,,,,,,,,
KHM0001000036,Cattle,,,,,,,,,,
KHM0001000037,Cattle,,,,,,,,,,
KHM0001000038,Cattle,,,,,,,,,,
KHM0001000039,Cattle,,,,,,,,,,
KHM0001000040,Cattle,,,,,,,,,,
KHM0001000041,Cattle,,,,,,,,,,
KHM0001000042,Cattle,,,,,,,,,,
KHM0001000043,Cattle,,,,,,,,,,
KHM0001000044,Cattle,,,,,,,,,,
KHM0001000045,Cattle,,,,,,,,,,
KHM0001000046,Cattle,,,,,,,,,,
KHM0001000047,Cattle,,,,,,,,,,
KHM0001000048,Cattle,,,,,,,,,,
KHM0001000049,Cattle,,,,,,,,,,
KHM0001000050,Cattle,,,,,,,,,,
KHM0001000051,Cattle,,,,,,,,,,
KHM0001000052,Cattle,,,,,,,,,,
KHM0001000053,Cattle,,,,,,,,,,
KHM0001000054,Cattle,,,,,,,,,,
KHM0001000055,Cattle,,,,,,,,,,
KHM0001000056,Cattle,,,,,,,,,,
KHM0001000057,Cattle,,,,,,,,,,
KHM0001000058,Cattle,,,,,,,,,,
KHM0001000059,Cattle,,,,,,,,,,
KHM0001000060,Cattle,,,,,,,,,,
KHM0001000061,Cattle,,,,,,,,,,
KHM0001000062,Cattle,,,,,,,,,,
KHM0001000063,Cattle,,,,,,,,,,
KHM0001000064,Cattle,,,,,,,,,,
KHM0001000065,Cattle,,,,,,,,,,
KHM0001000066,Cattle,,,,,,,,,,
KHM0001000067,Cattle,,,,,,,,,,
KHM0001000068,Cattle,,,,,,,,,,
KHM0001000069,Cattle,,,,,,,,,,
KHM0001000070,Cattle,,,,,,,,,,
KHM0001000071,Cattle,,,,,,,,,,
KHM0001000072,Cattle,,,,,,,,,,
KHM0001000073,Cattle,,,,,,,,,,
KHM0001000074,Cattle,,,,,,,,,,
KHM0001000075,Cattle,,,,,,,,,,
KHM0001000076,Cattle,,,,,,,,,,
KHM0001000077,Cattle,,,,,,,,,,
KHM0001000078,Cattle,,,,,,,,,,
KHM0001000079,Cattle,,,,,,,,,,
KHM0001000080,Cattle,,,,,,,,,,
KHM0001000081,Cattle,,,,,,,,,,
KHM0001000082,Cattle,,,,,,,,,,
KHM0001000083,Cattle,,,,,,,,,,
KHM0001000084,Cattle,,,,,,,,,,
KHM0001000085,Cattle,,,,,,,,,,
KHM0001000086,Cattle,,,,,,,,,,
KHM0001000087,Cattle,,,,,,,,,,
KHM0001000088,Cattle,,,,,,,,,,
KHM0001000089,Cattle,,,,,,,,,,
KHM0001000090,Cattle,,,,,,,,,,
KHM0001000091,Cattle,,,,,,,,,,
KHM0001000092,Cattle,,,,,,,,,,
KHM0001000093,Cattle,,,,,,,,,,
KHM0001000094,Cattle,,,,,,,,,,
KHM0001000095,Cattle,,,,,,,,,,
KHM0001000096,Cattle,,,,,,,,,,
KHM0001000097,Cattle,,,,,,,,,,
KHM0001000098,Cattle,,,,,,,,,,
KHM0001000099,Cattle,,,,,,,,,,
KHM0001000100,Cattle,,,,,,,,,,
KHM0001000101,Cattle,,,,,,,,,,
KHM0001000102,Cattle,,,,,,,,,,
KHM0001000103,Cattle,,,,,,,,,,
KHM0001000104,Cattle,,,,,,,,,,
KHM0001000105,Cattle,,,,,,,,,,
KHM0001000106,Cattle,,,,,,,,,,
KHM0001000107,Cattle,,,,,,,,,,
KHM0001000108,Cattle,,,,,,,,,,
KHM0001000109,Cattle,,,,,,,,,,
KHM0001000110,Cattle,,,,,,,,,,
KHM0001000111,Cattle,,,,,,,,,,
KHM0001000112,Cattle,,,,,,,,,,
KHM0001000113,Cattle,,,,,,,,,,
KHM0001000114,Cattle,,,,,,,,,,
KHM0001000115,Cattle,,,,,,,,,,
KHM0001000116,Cattle,,,,,,,,,,
KHM0001000117,Cattle,,,,,,,,,,
KHM0001000118,Cattle,,,,,,,,,,
KHM0001000119,Cattle,,,,,,,,,,
KHM0001000120,Cattle,,,,,,,,,,
KHM0001000121,Cattle,,,,,,,,,,
KHM0001000122,Cattle,,,,,,,,,,
KHM0001000123,Cattle,,,,,,,,,,
KHM0001000124,Cattle,,,,,,,,,,
KHM0001000125,Cattle,,,,,,,,,,
KHM0001000126,Cattle,,,,,,,,,,
KHM0001000127,Cattle,,,,,,,,,,
KHM0001000128,Cattle,,,,,,,,,,
KHM0001000129,Cattle,,,,,,,,,,
KHM0001000130,Cattle,,,,,,,,,,
KHM0001000131,Cattle,,,,,,,,,,
KHM0001000132,Cattle,,,,,,,,,,
KHM0001000133,Cattle,,,,,,,,,,
KHM0001000134,Cattle,,,,,,,,,,
KHM0001000135,Cattle,,,,,,,,,,
KHM0001000136,Cattle,,,,,,,,,,
KHM0001000137,Cattle,,,,,,,,,,
KHM0001000138,Cattle,,,,,,,,,,
KHM0001000139,Cattle,,,,,,,,,,
KHM0001000140,Cattle,,,,,,,,,,
KHM0001000141,Cattle,,,,,,,,,,
KHM0001000142,Cattle,,,,,,,,,,
KHM0001000143,Cattle,,,,,,,,,,
KHM0001000144,Cattle,,,,,,,,,,
KHM0001000145,Cattle,,,,,,,,,,
KHM0001000146,Cattle,,,,,,,,,,
KHM0001000147,Cattle,,,,,,,,,,
KHM0001000148,Cattle,,,,,,,,,,
KHM0001000149,Cattle,,,,,,,,,,
KHM0001000150,Cattle,,,,,,,,,,
KHM0001000151,Cattle,,,,,,,,,,
KHM0001000152,Cattle,,,,,,,,,,
KHM0001000153,Cattle,,,,,,,,,,
KHM0001000154,Cattle,,,,,,,,,,
KHM0001000155,Cattle,,,,,,,,,,
KHM0001000156,Cattle,,,,,,,,,,
KHM0001000157,Cattle,,,,,,,,,,
KHM0001000158,Cattle,,,,,,,,,,
KHM0001000159,Cattle,,,,,,,,,,
KHM0001000160,Cattle,,,,,,,,,,
KHM0001000161,Cattle,,,,,,,,,,
KHM0001000162,Cattle,,,,,,,,,,
KHM0001000163,Cattle,,,,,,,,,,
KHM0001000164,Cattle,,,,,,,,,,
KHM0001000165,Cattle,,,,,,,,,,
KHM0001000166,Cattle,,,,,,,,,,
KHM0001000167,Cattle,,,,,,,,,,
KHM0001000168,Cattle,,,,,,,,,,
KHM0001000169,Cattle,,,,,,,,,,
KHM0001000170,Cattle,,,,,,,,,,
KHM0001000171,Cattle,,,,,,,,,,
KHM0001000172,Cattle,,,,,,,,,,
KHM0001000173,Cattle,,,,,,,,,,
KHM0001000174,Cattle,,,,,,,,,,
KHM0001000175,Cattle,,,,,,,,,,
KHM0001000176,Cattle,,,,,,,,,,
KHM0001000177,Cattle,,,,,,,,,,
KHM0001000178,Cattle,,,,,,,,,,
KHM0001000179,Cattle,,,,,,,,,,
KHM0001000180,Cattle,,,,,,,,,,
KHM0001000181,Cattle,,,,,,,,,,
KHM0001000182,Cattle,,,,,,,,,,
KHM0001000183,Cattle,,,,,,,,,,
KHM0001000184,Cattle,,,,,,,,,,
KHM0001000185,Cattle,,,,,,,,,,
KHM0001000186,Cattle,,,,,,,,,,
KHM0001000187,Cattle,,,,,,,,,,
KHM0001000188,Cattle,,,,,,,,,,
KHM0001000189,Cattle,,,,,,,,,,
KHM0001000190,Cattle,,,,,,,,,,
KHM0001000191,Cattle,,,,,,,,,,
KHM0001000192,Cattle,,,,,,,,,,
KHM0001000193,Cattle,,,,,,,,,,
KHM0001000194,Cattle,,,,,,,,,,
KHM0001000195,Cattle,,,,,,,,,,
KHM0001000196,Cattle,,,,,,,,,,
KHM0001000197,Cattle,,,,,,,,,,
KHM0001000198,Cattle,,,,,,,,,,
KHM0001000199,Cattle,,,,,,,,,,
KHM0001000200,Cattle,,,,,,,,,,
KHM0001000201,Cattle,,,,,,,,,,
KHM0001000202,Cattle,,,,,,,,,,
KHM0001000203,Cattle,,,,,,,,,,
KHM0001000204,Cattle,,,,,,,,,,
KHM0001000205,Cattle,,,,,,,,,,
KHM0001000206,Cattle,,,,,,,,,,
KHM0001000207,Cattle,,,,,,,,,,
KHM0001000208,Cattle,,,,,,,,,,
KHM0001000209,Cattle,,,,,,,,,,
KHM0001000210,Cattle,,,,,,,,,,
KHM0001000211,Cattle,,,,,,,,,,
KHM0001000212,Cattle,,,,,,,,,,
KHM0001000213,Cattle,,,,,,,,,,
KHM0001000214,Cattle,,,,,,,,,,
KHM0001000215,Cattle,,,,,,,,,,
KHM0001000216,Cattle,,,,,,,,,,
KHM0001000217,Cattle,,,,,,,,,,
KHM0001000218,Cattle,,,,,,,,,,
KHM0001000219,Cattle,,,,,,,,,,
KHM0001000220,Cattle,,,,,,,,,,
KHM0001000221,Cattle,,,,,,,,,,
KHM0001000222,Cattle,,,,,,,,,,
KHM0001000223,Cattle,,,,,,,,,,
KHM0001000224,Cattle,,,,,,,,,,
KHM0001000225,Cattle,,,,,,,,,,
KHM0001000226,Cattle,,,,,,,,,,
KHM0001000227,Cattle,,,,,,,,,,
KHM0001000228,Cattle,,,,,,,,,,
KHM0001000229,Cattle,,,,,,,,,,
KHM0001000230,Cattle,,,,,,,,,,
KHM0001000231,Cattle,,,,,,,,,,
KHM0001000232,Cattle,,,,,,,,,,
KHM0001000233,Cattle,,,,,,,,,,
KHM0001000234,Cattle,,,,,,,,,,
KHM0001000235,Cattle,,,,,,,,,,
KHM0001000236,Cattle,,,,,,,,,,
KHM0001000237,Cattle,,,,,,,,,,
KHM0001000238,Cattle,,,,,,,,,,
KHM0001000239,Cattle,,,,,,,,,,
KHM0001000240,Cattle,,,,,,,,,,
KHM0001000241,Cattle,,,,,,,,,,
KHM0001000242,Cattle,,,,,,,,,,
KHM0001000243,Cattle,,,,,,,,,,
KHM0001000244,Cattle,,,,,,,,,,
KHM0001000245,Cattle,,,,,,,,,,
KHM0001000246,Cattle,,,,,,,,,,
KHM0001000247,Cattle,,,,,,,,,,
KHM0001000248,Cattle,,,,,,,,,,
KHM0001000249,Cattle,,,,,,,,,,
KHM0001000250,Cattle,,,,,,,,,,
KHM0001000251,Cattle,,,,,,,,,,
KHM0001000252,Cattle,,,,,,,,,,
KHM0001000253,Cattle,,,,,,,,,,
KHM0001000254,Cattle,,,,,,,,,,
KHM0001000255,Cattle,,,,,,,,,,
KHM0001000256,Cattle,,,,,,,,,,
KHM0001000257,Cattle,,,,,,,,,,
KHM0001000258,Cattle,,,,,,,,,,
KHM0001000259,Cattle,,,,,,,,,,
KHM0001000260,Cattle,,,,,,,,,,
KHM0001000261,Cattle,,,,,,,,,,
KHM0001000262,Cattle,,,,,,,,,,
KHM0001000263,Cattle,,,,,,,,,,
KHM0001000264,Cattle,,,,,,,,,,
KHM0001000265,Cattle,,,,,,,,,,
KHM0001000266,Cattle,,,,,,,,,,
KHM0001000267,Cattle,,,,,,,,,,
KHM0001000268,Cattle,,,,,,,,,,
KHM0001000269,Cattle,,,,,,,,,,
KHM0001000270,Cattle,,,,,,,,,,
KHM0001000271,Cattle,,,,,,,,,,
KHM0001000272,Cattle,,,,,,,,,,
KHM0001000273,Cattle,,,,,,,,,,
KHM0001000274,Cattle,,,,,,,,,,
KHM0001000275,Cattle,,,,,,,,,,
KHM0001000276,Cattle,,,,,,,,,,
KHM0001000277,Cattle,,,,,,,,,,
KHM0001000278,Cattle,,,,,,,,,,
KHM0001000279,Cattle,,,,,,,,,,
KHM0001000280,Cattle,,,,,,,,,,
KHM0001000281,Cattle,,,,,,,,,,
KHM0001000282,Cattle,,,,,,,,,,
KHM0001000283,Cattle,,,,,,,,,,
KHM0001000284,Cattle,,,,,,,,,,
KHM0001000285,Cattle,,,,,,,,,,
KHM0001000286,Cattle,,,,,,,,,,
KHM0001000287,Cattle,,,,,,,,,,
KHM0001000288,Cattle,,,,,,,,,,
KHM0001000289,Cattle,,,,,,,,,,
KHM0001000290,Cattle,,,,,,,,,,
KHM0001000291,Cattle,,,,,,,,,,
KHM0001000292,Cattle,,,,,,,,,,
KHM0001000293,Cattle,,,,,,,,,,
KHM0001000294,Cattle,,,,,,,,,,
KHM0001000295,Cattle,,,,,,,,,,
KHM0001000296,Cattle,,,,,,,,,,
KHM0001000297,Cattle,,,,,,,,,,
KHM0001000298,Cattle,,,,,,,,,,
KHM0001000299,Cattle,,,,,,,,,,
KHM0001000300,Cattle,,,,,,,,,,
KHM0001000301,Cattle,,,,,,,,,,
KHM0001000302,Cattle,,,,,,,,,,
KHM0001000303,Cattle,,,,,,,,,,
KHM0001000304,Cattle,,,,,,,,,,
KHM0001000305,Cattle,,,,,,,,,,
KHM0001000306,Cattle,,,,,,,,,,
KHM0001000307,Cattle,,,,,,,,,,
KHM0001000308,Cattle,,,,,,,,,,
KHM0001000309,Cattle,,,,,,,,,,
KHM0001000310,Cattle,,,,,,,,,,
KHM0001000311,Cattle,,,,,,,,,,
KHM0001000312,Cattle,,,,,,,,,,
KHM0001000313,Cattle,,,,,,,,,,
KHM0001000314,Cattle,,,,,,,,,,
KHM0001000315,Cattle,,,,,,,,,,
KHM0001000316,Cattle,,,,,,,,,,
KHM0001000317,Cattle,,,,,,,,,,
KHM0001000318,Cattle,,,,,,,,,,
KHM0001000319,Cattle,,,,,,,,,,
KHM0001000320,Cattle,,,,,,,,,,
KHM0001000321,Cattle,,,,,,,,,,
KHM0001000322,Cattle,,,,,,,,,,
KHM0001000323,Cattle,,,,,,,,,,
KHM0001000324,Cattle,,,,,,,,,,
KHM0001000325,Cattle,,,,,,,,,,
KHM0001000326,Cattle,,,,,,,,,,
KHM0001000327,Cattle,,,,,,,,,,
KHM0001000328,Cattle,,,,,,,,,,
KHM0001000329,Cattle,,,,,,,,,,
KHM0001000330,Cattle,,,,,,,,,,
KHM0001000331,Cattle,,,,,,,,,,
KHM0001000332,Cattle,,,,,,,,,,
KHM0001000333,Cattle,,,,,,,,,,
KHM0001000334,Cattle,,,,,,,,,,
KHM0001000335,Cattle,,,,,,,,,,
KHM0001000336,Cattle,,,,,,,,,,
KHM0001000337,Cattle,,,,,,,,,,
KHM0001000338,Cattle,,,,,,,,,,
KHM0001000339,Cattle,,,,,,,,,,
KHM0001000340,Cattle,,,,,,,,,,
KHM0001000341,Cattle,,,,,,,,,,
KHM0001000342,Cattle,,,,,,,,,,
KHM0001000343,Cattle,,,,,,,,,,
KHM0001000344,Cattle,,,,,,,,,,
KHM0001000345,Cattle,,,,,,,,,,
KHM0001000346,Cattle,,,,,,,,,,
KHM0001000347,Cattle,,,,,,,,,,
KHM0001000348,Cattle,,,,,,,,,,
KHM0001000349,Cattle,,,,,,,,,,
KHM0001000350,Cattle,,,,,,,,,,
KHM0001000351,Cattle,,,,,,,,,,
KHM0001000352,Cattle,,,,,,,,,,
KHM0001000353,Cattle,,,,,,,,,,
KHM0001000354,Cattle,,,,,,,,,,
KHM0001000355,Cattle,,,,,,,,,,
KHM0001000356,Cattle,,,,,,,,,,
KHM0001000357,Cattle,,,,,,,,,,
KHM0001000358,Cattle,,,,,,,,,,
KHM0001000359,Cattle,,,,,,,,,,
KHM0001000360,Cattle,,,,,,,,,,
KHM0001000361,Cattle,,,,,,,,,,
KHM0001000362,Cattle,,,,,,,,,,
KHM0001000363,Cattle,,,,,,,,,,
KHM0001000364,Cattle,,,,,,,,,,
KHM0001000365,Cattle,,,,,,,,,,
KHM0001000366,Cattle,,,,,,,,,,
KHM0001000367,Cattle,,,,,,,,,,
KHM0001000368,Cattle,,,,,,,,,,
KHM0001000369,Cattle,,,,,,,,,,
KHM0001000370,Cattle,,,,,,,,,,
KHM0001000371,Cattle,,,,,,,,,,
KHM0001000372,Cattle,,,,,,,,,,
KHM0001000373,Cattle,,,,,,,,,,
KHM0001000374,Cattle,,,,,,,,,,
KHM0001000375,Cattle,,,,,,,,,,
KHM0001000376,Cattle,,,,,,,,,,
KHM0001000377,Cattle,,,,,,,,,,
KHM0001000378,Cattle,,,,,,,,,,
KHM0001000379,Cattle,,,,,,,,,,
KHM0001000380,Cattle,,,,,,,,,,
KHM0001000381,Cattle,,,,,,,,,,
KHM0001000382,Cattle,,,,,,,,,,
KHM0001000383,Cattle,,,,,,,,,,
KHM0001000384,Cattle,,,,,,,,,,
KHM0001000385,Cattle,,,,,,,,,,
KHM0001000386,Cattle,,,,,,,,,,
KHM0001000387,Cattle,,,,,,,,,,
KHM0001000388,Cattle,,,,,,,,,,
KHM0001000389,Cattle,,,,,,,,,,
KHM0001000390,Cattle,,,,,,,,,,
KHM0001000391,Cattle,,,,,,,,,,
KHM0001000392,Cattle,,,,,,,,,,
KHM0001000393,Cattle,,,,,,,,,,
KHM0001000394,Cattle,,,,,,,,,,
KHM0001000395,Cattle,,,,,,,,,,
KHM0001000396,Cattle,,,,,,,,,,
KHM0001000397,Cattle,,,,,,,,,,
KHM0001000398,Cattle,,,,,,,,,,
KHM0001000399,Cattle,,,,,,,,,,
KHM0001000400,Cattle,,,,,,,,,,
KHM0001000401,Cattle,,,,,,,,,,
KHM0001000402,Cattle,,,,,,,,,,
KHM0001000403,Cattle,,,,,,,,,,
KHM0001000404,Cattle,,,,,,,,,,
KHM0001000405,Cattle,,,,,,,,,,
KHM0001000406,Cattle,,,,,,,,,,
KHM0001000407,Cattle,,,,,,,,,,
KHM0001000408,Cattle,,,,,,,,,,
KHM0001000409,Cattle,,,,,,,,,,
KHM0001000410,Cattle,,,,,,,,,,
KHM0001000411,Cattle,,,,,,,,,,
KHM0001000412,Cattle,,,,,,,,,,
KHM0001000413,Cattle,,,,,,,,,,
KHM0001000414,Cattle,,,,,,,,,,
KHM0001000415,Cattle,,,,,,,,,,
KHM0001000416,Cattle,,,,,,,,,,
KHM0001000417,Cattle,,,,,,,,,,
KHM0001000418,Cattle,,,,,,,,,,
KHM0001000419,Cattle,,,,,,,,,,
KHM0001000420,Cattle,,,,,,,,,,
KHM0001000421,Cattle,,,,,,,,,,
KHM0001000422,Cattle,,,,,,,,,,
KHM0001000423,Cattle,,,,,,,,,,
KHM0001000424,Cattle,,,,,,,,,,
KHM0001000425,Cattle,,,,,,,,,,
KHM0001000426,Cattle,,,,,,,,,,
KHM0001000427,Cattle,,,,,,,,,,
KHM0001000428,Cattle,,,,,,,,,,
KHM0001000429,Cattle,,,,,,,,,,
KHM0001000430,Cattle,,,,,,,,,,
KHM0001000431,Cattle,,,,,,,,,,
KHM0001000432,Cattle,,,,,,,,,,
KHM0001000433,Cattle,,,,,,,,,,
KHM0001000434,Cattle,,,,,,,,,,
KHM0001000435,Cattle,,,,,,,,,,
KHM0001000436,Cattle,,,,,,,,,,
KHM0001000437,Cattle,,,,,,,,,,
KHM0001000438,Cattle,,,,,,,,,,
KHM0001000439,Cattle,,,,,,,,,,
KHM0001000440,Cattle,,,,,,,,,,
KHM0001000441,Cattle,,,,,,,,,,
KHM0001000442,Cattle,,,,,,,,,,
KHM0001000443,Cattle,,,,,,,,,,
KHM0001000444,Cattle,,,,,,,,,,
KHM0001000445,Cattle,,,,,,,,,,
KHM0001000446,Cattle,,,,,,,,,,
KHM0001000447,Cattle,,,,,,,,,,
KHM0001000448,Cattle,,,,,,,,,,
KHM0001000449,Cattle,,,,,,,,,,
KHM0001000450,Cattle,,,,,,,,,,
KHM0001000451,Cattle,,,,,,,,,,
KHM0001000452,Cattle,,,,,,,,,,
KHM0001000453,Cattle,,,,,,,,,,
KHM0001000454,Cattle,,,,,,,,,,
KHM0001000455,Cattle,,,,,,,,,,
KHM0001000456,Cattle,,,,,,,,,,
KHM0001000457,Cattle,,,,,,,,,,
KHM0001000458,Cattle,,,,,,,,,,
KHM0001000459,Cattle,,,,,,,,,,
KHM0001000460,Cattle,,,,,,,,,,
KHM0001000461,Cattle,,,,,,,,,,
KHM0001000462,Cattle,,,,,,,,,,
KHM0001000463,Cattle,,,,,,,,,,
KHM0001000464,Cattle,,,,,,,,,,
KHM0001000465,Cattle,,,,,,,,,,
KHM0001000466,Cattle,,,,,,,,,,
KHM0001000467,Cattle,,,,,,,,,,
KHM0001000468,Cattle,,,,,,,,,,
KHM0001000469,Cattle,,,,,,,,,,
KHM0001000470,Cattle,,,,,,,,,,
KHM0001000471,Cattle,,,,,,,,,,
KHM0001000472,Cattle,,,,,,,,,,
KHM0001000473,Cattle,,,,,,,,,,
KHM0001000474,Cattle,,,,,,,,,,
KHM0001000475,Cattle,,,,,,,,,,
KHM0001000476,Cattle,,,,,,,,,,
KHM0001000477,Cattle,,,,,,,,,,
KHM0001000478,Cattle,,,,,,,,,,
KHM0001000479,Cattle,,,,,,,,,,
KHM0001000480,Cattle,,,,,,,,,,
KHM0001000481,Cattle,,,,,,,,,,
KHM0001000482,Cattle,,,,,,,,,,
KHM0001000483,Cattle,,,,,,,,,,
KHM0001000484,Cattle,,,,,,,,,,
KHM0001000485,Cattle,,,,,,,,,,
KHM0001000486,Cattle,,,,,,,,,,
KHM0001000487,Cattle,,,,,,,,,,
KHM0001000488,Cattle,,,,,,,,,,
KHM0001000489,Cattle,,,,,,,,,,
KHM0001000490,Cattle,,,,,,,,,,
KHM0001000491,Cattle,,,,,,,,,,
KHM0001000492,Cattle,,,,,,,,,,
KHM0001000493,Cattle,,,,,,,,,,
KHM0001000494,Cattle,,,,,,,,,,
KHM0001000495,Cattle,,,,,,,,,,
KHM0001000496,Cattle,,,,,,,,,,
KHM0001000497,Cattle,,,,,,,,,,
KHM0001000498,Cattle,,,,,,,,,,
KHM0001000499,Cattle,,,,,,,,,,
KHM0001000500,Cattle,,,,,,,,,,
KHM0001000501,Cattle,,,,,,,,,,
KHM0001000502,Cattle,,,,,,,,,,
KHM0001000503,Cattle,,,,,,,,,,
KHM0001000504,Cattle,,,,,,,,,,
KHM0001000505,Cattle,,,,,,,,,,
KHM0001000506,Cattle,,,,,,,,,,
KHM0001000507,Cattle,,,,,,,,,,
KHM0001000508,Cattle,,,,,,,,,,
KHM0001000509,Cattle,,,,,,,,,,
KHM0001000510,Cattle,,,,,,,,,,
KHM0001000511,Cattle,,,,,,,,,,
KHM0001000512,Cattle,,,,,,,,,,
KHM0001000513,Cattle,,,,,,,,,,
KHM0001000514,Cattle,,,,,,,,,,
KHM0001000515,Cattle,,,,,,,,,,
KHM0001000516,Cattle,,,,,,,,,,
KHM0001000517,Cattle,,,,,,,,,,
KHM0001000518,Cattle,,,,,,,,,,
KHM0001000519,Cattle,,,,,,,,,,
KHM0001000520,Cattle,,,,,,,,,,
KHM0001000521,Cattle,,,,,,,,,,
KHM0001000522,Cattle,,,,,,,,,,
KHM0001000523,Cattle,,,,,,,,,,
KHM0001000524,Cattle,,,,,,,,,,
KHM0001000525,Cattle,,,,,,,,,,
KHM0001000526,Cattle,,,,,,,,,,
KHM0001000527,Cattle,,,,,,,,,,
KHM0001000528,Cattle,,,,,,,,,,
KHM0001000529,Cattle,,,,,,,,,,
KHM0001000530,Cattle,,,,,,,,,,
KHM0001000531,Cattle,,,,,,,,,,
KHM0001000532,Cattle,,,,,,,,,,
KHM0001000533,Cattle,,,,,,,,,,
KHM0001000534,Cattle,,,,,,,,,,
KHM0001000535,Cattle,,,,,,,,,,
KHM0001000536,Cattle,,,,,,,,,,
KHM0001000537,Cattle,,,,,,,,,,
KHM0001000538,Cattle,,,,,,,,,,
KHM0001000539,Cattle,,,,,,,,,,
KHM0001000540,Cattle,,,,,,,,,,
KHM0001000541,Cattle,,,,,,,,,,
KHM0001000542,Cattle,,,,,,,,,,
KHM0001000543,Cattle,,,,,,,,,,
KHM0001000544,Cattle,,,,,,,,,,
KHM0001000545,Cattle,,,,,,,,,,
KHM0001000546,Cattle,,,,,,,,,,
KHM0001000547,Cattle,,,,,,,,,,
KHM0001000548,Cattle,,,,,,,,,,
KHM0001000549,Cattle,,,,,,,,,,
KHM0001000550,Cattle,,,,,,,,,,
KHM0001000551,Cattle,,,,,,,,,,
KHM0001000552,Cattle,,,,,,,,,,
KHM0001000553,Cattle,,,,,,,,,,
KHM0001000554,Cattle,,,,,,,,,,
KHM0001000555,Cattle,,,,,,,,,,
KHM0001000556,Cattle,,,,,,,,,,
KHM0001000557,Cattle,,,,,,,,,,
KHM0001000558,Cattle,,,,,,,,,,
KHM0001000559,Cattle,,,,,,,,,,
KHM0001000560,Cattle,,,,,,,,,,
KHM0001000561,Cattle,,,,,,,,,,
KHM0001000562,Cattle,,,,,,,,,,
KHM0001000563,Cattle,,,,,,,,,,
KHM0001000564,Cattle,,,,,,,,,,
KHM0001000565,Cattle,,,,,,,,,,
KHM0001000566,Cattle,,,,,,,,,,
KHM0001000567,Cattle,,,,,,,,,,
KHM0001000568,Cattle,,,,,,,,,,
KHM0001000569,Cattle,,,,,,,,,,
KHM0001000570,Cattle,,,,,,,,,,
KHM0001000571,Cattle,,,,,,,,,,
KHM0001000572,Cattle,,,,,,,,,,
KHM0001000573,Cattle,,,,,,,,,,
KHM0001000574,Cattle,,,,,,,,,,
KHM0001000575,Cattle,,,,,,,,,,
KHM0001000576,Cattle,,,,,,,,,,
KHM0001000577,Cattle,,,,,,,,,,
KHM0001000578,Cattle,,,,,,,,,,
KHM0001000579,Cattle,,,,,,,,,,
KHM0001000580,Cattle,,,,,,,,,,
KHM0001000581,Cattle,,,,,,,,,,
KHM0001000582,Cattle,,,,,,,,,,
KHM0001000583,Cattle,,,,,,,,,,
KHM0001000584,Cattle,,,,,,,,,,
KHM0001000585,Cattle,,,,,,,,,,
KHM0001000586,Cattle,,,,,,,,,,
KHM0001000587,Cattle,,,,,,,,,,
KHM0001000588,Cattle,,,,,,,,,,
KHM0001000589,Cattle,,,,,,,,,,
KHM0001000590,Cattle,,,,,,,,,,
KHM0001000591,Cattle,,,,,,,,,,
KHM0001000592,Cattle,,,,,,,,,,
KHM0001000593,Cattle,,,,,,,,,,
KHM0001000594,Cattle,,,,,,,,,,
KHM0001000595,Cattle,,,,,,,,,,
KHM0001000596,Cattle,,,,,,,,,,
KHM0001000597,Cattle,,,,,,,,,,
KHM0001000598,Cattle,,,,,,,,,,
KHM0001000599,Cattle,,,,,,,,,,
KHM0001000600,Cattle,,,,,,,,,,
KHM0001000601,Cattle,,,,,,,,,,
KHM0001000602,Cattle,,,,,,,,,,
KHM0001000603,Cattle,,,,,,,,,,
KHM0001000604,Cattle,,,,,,,,,,
KHM0001000605,Cattle,,,,,,,,,,
KHM0001000606,Cattle,,,,,,,,,,
KHM0001000607,Cattle,,,,,,,,,,
KHM0001000608,Cattle,,,,,,,,,,
KHM0001000609,Cattle,,,,,,,,,,
KHM0001000610,Cattle,,,,,,,,,,
KHM0001000611,Cattle,,,,,,,,,,
KHM0001000612,Cattle,,,,,,,,,,
KHM0001000613,Cattle,,,,,,,,,,
KHM0001000614,Cattle,,,,,,,,,,
KHM0001000615,Cattle,,,,,,,,,,
KHM0001000616,Cattle,,,,,,,,,,
KHM0001000617,Cattle,,,,,,,,,,
KHM0001000618,Cattle,,,,,,,,,,
KHM0001000619,Cattle,,,,,,,,,,
KHM0001000620,Cattle,,,,,,,,,,
KHM0001000621,Cattle,,,,,,,,,,
KHM0001000622,Cattle,,,,,,,,,,
KHM0001000623,Cattle,,,,,,,,,,
KHM0001000624,Cattle,,,,,,,,,,
KHM0001000625,Cattle,,,,,,,,,,
KHM0001000626,Cattle,,,,,,,,,,
KHM0001000627,Cattle,,,,,,,,,,
KHM0001000628,Cattle,,,,,,,,,,
KHM0001000629,Cattle,,,,,,,,,,
KHM0001000630,Cattle,,,,,,,,,,
KHM0001000631,Cattle,,,,,,,,,,
KHM0001000632,Cattle,,,,,,,,,,
KHM0001000633,Cattle,,,,,,,,,,
KHM0001000634,Cattle,,,,,,,,,,
KHM0001000635,Cattle,,,,,,,,,,
KHM0001000636,Cattle,,,,,,,,,,
KHM0001000637,Cattle,,,,,,,,,,
KHM0001000638,Cattle,,,,,,,,,,
KHM0001000639,Cattle,,,,,,,,,,
KHM0001000640,Cattle,,,,,,,,,,
KHM0001000641,Cattle,,,,,,,,,,
KHM0001000642,Cattle,,,,,,,,,,
KHM0001000643,Cattle,,,,,,,,,,
KHM0001000644,Cattle,,,,,,,,,,
KHM0001000645,Cattle,,,,,,,,,,
KHM0001000646,Cattle,,,,,,,,,,
KHM0001000647,Cattle,,,,,,,,,,
KHM0001000648,Cattle,,,,,,,,,,
KHM0001000649,Cattle,,,,,,,,,,
KHM0001000650,Cattle,,,,,,,,,,
KHM0001000651,Cattle,,,,,,,,,,
KHM0001000652,Cattle,,,,,,,,,,
KHM0001000653,Cattle,,,,,,,,,,
KHM0001000654,Cattle,,,,,,,,,,
KHM0001000655,Cattle,,,,,,,,,,
KHM0001000656,Cattle,,,,,,,,,,
KHM0001000657,Cattle,,,,,,,,,,
KHM0001000658,Cattle,,,,,,,,,,
KHM0001000659,Cattle,,,,,,,,,,
KHM0001000660,Cattle,,,,,,,,,,
KHM0001000661,Cattle,,,,,,,,,,
KHM0001000662,Cattle,,,,,,,,,,
KHM0001000663,Cattle,,,,,,,,,,
KHM0001000664,Cattle,,,,,,,,,,
KHM0001000665,Cattle,,,,,,,,,,
KHM0001000666,Cattle,,,,,,,,,,
KHM0001000667,Cattle,,,,,,,,,,
KHM0001000668,Cattle,,,,,,,,,,
KHM0001000669,Cattle,,,,,,,,,,
KHM0001000670,Cattle,,,,,,,,,,
KHM0001000671,Cattle,,,,,,,,,,
KHM0001000672,Cattle,,,,,,,,,,
KHM0001000673,Cattle,,,,,,,,,,
KHM0001000674,Cattle,,,,,,,,,,
KHM0001000675,Cattle,,,,,,,,,,
KHM0001000676,Cattle,,,,,,,,,,
KHM0001000677,Cattle,,,,,,,,,,
KHM0001000678,Cattle,,,,,,,,,,
KHM0001000679,Cattle,,,,,,,,,,
KHM0001000680,Cattle,,,,,,,,,,
KHM0001000681,Cattle,,,,,,,,,,
KHM0001000682,Cattle,,,,,,,,,,
KHM0001000683,Cattle,,,,,,,,,,
KHM0001000684,Cattle,,,,,,,,,,
KHM0001000685,Cattle,,,,,,,,,,
KHM0001000686,Cattle,,,,,,,,,,
KHM0001000687,Cattle,,,,,,,,,,
KHM0001000688,Cattle,,,,,,,,,,
KHM0001000689,Cattle,,,,,,,,,,
KHM0001000690,Cattle,,,,,,,,,,
KHM0001000691,Cattle,,,,,,,,,,
KHM0001000692,Cattle,,,,,,,,,,
KHM0001000693,Cattle,,,,,,,,,,
KHM0001000694,Cattle,,,,,,,,,,
KHM0001000695,Cattle,,,,,,,,,,
KHM0001000696,Cattle,,,,,,,,,,
KHM0001000697,Cattle,,,,,,,,,,
KHM0001000698,Cattle,,,,,,,,,,
KHM0001000699,Cattle,,,,,,,,,,
KHM0001000700,Cattle,,,,,,,,,,
KHM0001000701,Cattle,,,,,,,,,,
KHM0001000702,Cattle,,,,,,,,,,
KHM0001000703,Cattle,,,,,,,,,,
KHM0001000704,Cattle,,,,,,,,,,
KHM0001000705,Cattle,,,,,,,,,,
KHM0001000706,Cattle,,,,,,,,,,
KHM0001000707,Cattle,,,,,,,,,,
KHM0001000708,Cattle,,,,,,,,,,
KHM0001000709,Cattle,,,,,,,,,,
KHM0001000710,Cattle,,,,,,,,,,
KHM0001000711,Cattle,,,,,,,,,,
KHM0001000712,Cattle,,,,,,,,,,
KHM0001000713,Cattle,,,,,,,,,,
KHM0001000714,Cattle,,,,,,,,,,
KHM0001000715,Cattle,,,,,,,,,,
KHM0001000716,Cattle,,,,,,,,,,
KHM0001000717,Cattle,,,,,,,,,,
KHM0001000718,Cattle,,,,,,,,,,
KHM0001000719,Cattle,,,,,,,,,,
KHM0001000720,Cattle,,,,,,,,,,
KHM0001000721,Cattle,,,,,,,,,,
KHM0001000722,Cattle,,,,,,,,,,
KHM0001000723,Cattle,,,,,,,,,,
KHM0001000724,Cattle,,,,,,,,,,
KHM0001000725,Cattle,,,,,,,,,,
KHM0001000726,Cattle,,,,,,,,,,
KHM0001000727,Cattle,,,,,,,,,,
KHM0001000728,Cattle,,,,,,,,,,
KHM0001000729,Cattle,,,,,,,,,,
KHM0001000730,Cattle,,,,,,,,,,
KHM0001000731,Cattle,,,,,,,,,,
KHM0001000732,Cattle,,,,,,,,,,
KHM0001000733,Cattle,,,,,,,,,,
KHM0001000734,Cattle,,,,,,,,,,
KHM0001000735,Cattle,,,,,,,,,,
KHM0001000736,Cattle,,,,,,,,,,
KHM0001000737,Cattle,,,,,,,,,,
KHM0001000738,Cattle,,,,,,,,,,
KHM0001000739,Cattle,,,,,,,,,,
KHM0001000740,Cattle,,,,,,,,,,
KHM0001000741,Cattle,,,,,,,,,,
KHM0001000742,Cattle,,,,,,,,,,
KHM0001000743,Cattle,,,,,,,,,,
KHM0001000744,Cattle,,,,,,,,,,
KHM0001000745,Cattle,,,,,,,,,,
KHM0001000746,Cattle,,,,,,,,,,
KHM0001000747,Cattle,,,,,,,,,,
KHM0001000748,Cattle,,,,,,,,,,
KHM0001000749,Cattle,,,,,,,,,,
KHM0001000750,Cattle,,,,,,,,,,
KHM0001000751,Cattle,,,,,,,,,,
KHM0001000752,Cattle,,,,,,,,,,
KHM0001000753,Cattle,,,,,,,,,,
KHM0001000754,Cattle,,,,,,,,,,
KHM0001000755,Cattle,,,,,,,,,,
KHM0001000756,Cattle,,,,,,,,,,
KHM0001000757,Cattle,,,,,,,,,,
KHM0001000758,Cattle,,,,,,,,,,
KHM0001000759,Cattle,,,,,,,,,,
KHM0001000760,Cattle,,,,,,,,,,
KHM0001000761,Cattle,,,,,,,,,,
KHM0001000762,Cattle,,,,,,,,,,
KHM0001000763,Cattle,,,,,,,,,,
KHM0001000764,Cattle,,,,,,,,,,
KHM0001000765,Cattle,,,,,,,,,,
KHM0001000766,Cattle,,,,,,,,,,
KHM0001000767,Cattle,,,,,,,,,,
KHM0001000768,Cattle,,,,,,,,,,
KHM0001000769,Cattle,,,,,,,,,,
KHM0001000770,Cattle,,,,,,,,,,
KHM0001000771,Cattle,,,,,,,,,,
KHM0001000772,Cattle,,,,,,,,,,
KHM0001000773,Cattle,,,,,,,,,,
KHM0001000774,Cattle,,,,,,,,,,
KHM0001000775,Cattle,,,,,,,,,,
KHM0001000776,Cattle,,,,,,,,,,
KHM0001000777,Cattle,,,,,,,,,,
KHM0001000778,Cattle,,,,,,,,,,
KHM0001000779,Cattle,,,,,,,,,,
KHM0001000780,Cattle,,,,,,,,,,
KHM0001000781,Cattle,,,,,,,,,,
KHM0001000782,Cattle,,,,,,,,,,
KHM0001000783,Cattle,,,,,,,,,,
KHM0001000784,Cattle,,,,,,,,,,
KHM0001000785,Cattle,,,,,,,,,,
KHM0001000786,Cattle,,,,,,,,,,
KHM0001000787,Cattle,,,,,,,,,,
KHM0001000788,Cattle,,,,,,,,,,
KHM0001000789,Cattle,,,,,,,,,,
KHM0001000790,Cattle,,,,,,,,,,
KHM0001000791,Cattle,,,,,,,,,,
KHM0001000792,Cattle,,,,,,,,,,
KHM0001000793,Cattle,,,,,,,,,,
KHM0001000794,Cattle,,,,,,,,,,
KHM0001000795,Cattle,,,,,,,,,,
KHM0001000796,Cattle,,,,,,,,,,
KHM0001000797,Cattle,,,,,,,,,,
KHM0001000798,Cattle,,,,,,,,,,
KHM0001000799,Cattle,,,,,,,,,,
KHM0001000800,Cattle,,,,,,,,,,
KHM0001000801,Cattle,,,,,,,,,,
KHM0001000802,Cattle,,,,,,,,,,
KHM0001000803,Cattle,,,,,,,,,,
KHM0001000804,Cattle,,,,,,,,,,
KHM0001000805,Cattle,,,,,,,,,,
KHM0001000806,Cattle,,,,,,,,,,
KHM0001000807,Cattle,,,,,,,,,,
KHM0001000808,Cattle,,,,,,,,,,
KHM0001000809,Cattle,,,,,,,,,,
KHM0001000810,Cattle,,,,,,,,,,
KHM0001000811,Cattle,,,,,,,,,,
KHM0001000812,Cattle,,,,,,,,,,
KHM0001000813,Cattle,,,,,,,,,,
KHM0001000814,Cattle,,,,,,,,,,
KHM0001000815,Cattle,,,,,,,,,,
KHM0001000816,Cattle,,,,,,,,,,
KHM0001000817,Cattle,,,,,,,,,,
KHM0001000818,Cattle,,,,,,,,,,
KHM0001000819,Cattle,,,,,,,,,,
KHM0001000820,Cattle,,,,,,,,,,
KHM0001000821,Cattle,,,,,,,,,,
KHM0001000822,Cattle,,,,,,,,,,
KHM0001000823,Cattle,,,,,,,,,,
KHM0001000824,Cattle,,,,,,,,,,
KHM0001000825,Cattle,,,,,,,,,,
KHM0001000826,Cattle,,,,,,,,,,
KHM0001000827,Cattle,,,,,,,,,,
KHM0001000828,Cattle,,,,,,,,,,
KHM0001000829,Cattle,,,,,,,,,,
KHM0001000830,Cattle,,,,,,,,,,
KHM0001000831,Cattle,,,,,,,,,,
KHM0001000832,Cattle,,,,,,,,,,
KHM0001000833,Cattle,,,,,,,,,,
KHM0001000834,Cattle,,,,,,,,,,
KHM0001000835,Cattle,,,,,,,,,,
KHM0001000836,Cattle,,,,,,,,,,
KHM0001000837,Cattle,,,,,,,,,,
KHM0001000838,Cattle,,,,,,,,,,
KHM0001000839,Cattle,,,,,,,,,,
KHM0001000840,Cattle,,,,,,,,,,
KHM0001000841,Cattle,,,,,,,,,,
KHM0001000842,Cattle,,,,,,,,,,
KHM0001000843,Cattle,,,,,,,,,,
KHM0001000844,Cattle,,,,,,,,,,
KHM0001000845,Cattle,,,,,,,,,,
KHM0001000846,Cattle,,,,,,,,,,
KHM0001000847,Cattle,,,,,,,,,,
KHM0001000848,Cattle,,,,,,,,,,
KHM0001000849,Cattle,,,,,,,,,,
KHM0001000850,Cattle,,,,,,,,,,
KHM0001000851,Cattle,,,,,,,,,,
KHM0001000852,Cattle,,,,,,,,,,
KHM0001000853,Cattle,,,,,,,,,,
KHM0001000854,Cattle,,,,,,,,,,
KHM0001000855,Cattle,,,,,,,,,,
KHM0001000856,Cattle,,,,,,,,,,
KHM0001000857,Cattle,,,,,,,,,,
KHM0001000858,Cattle,,,,,,,,,,
KHM0001000859,Cattle,,,,,,,,,,
KHM0001000860,Cattle,,,,,,,,,,
KHM0001000861,Cattle,,,,,,,,,,
KHM0001000862,Cattle,,,,,,,,,,
KHM0001000863,Cattle,,,,,,,,,,
KHM0001000864,Cattle,,,,,,,,,,
KHM0001000865,Cattle,,,,,,,,,,
KHM0001000866,Cattle,,,,,,,,,,
KHM0001000867,Cattle,,,,,,,,,,
KHM0001000868,Cattle,,,,,,,,,,
KHM0001000869,Cattle,,,,,,,,,,
KHM0001000870,Cattle,,,,,,,,,,
KHM0001000871,Cattle,,,,,,,,,,
KHM0001000872,Cattle,,,,,,,,,,
KHM0001000873,Cattle,,,,,,,,,,
KHM0001000874,Cattle,,,,,,,,,,
KHM0001000875,Cattle,,,,,,,,,,
KHM0001000876,Cattle,,,,,,,,,,
KHM0001000877,Cattle,,,,,,,,,,
KHM0001000878,Cattle,,,,,,,,,,
KHM0001000879,Cattle,,,,,,,,,,
KHM0001000880,Cattle,,,,,,,,,,
KHM0001000881,Cattle,,,,,,,,,,
KHM0001000882,Cattle,,,,,,,,,,
KHM0001000883,Cattle,,,,,,,,,,
KHM0001000884,Cattle,,,,,,,,,,
KHM0001000885,Cattle,,,,,,,,,,
KHM0001000886,Cattle,,,,,,,,,,
KHM0001000887,Cattle,,,,,,,,,,
KHM0001000888,Cattle,,,,,,,,,,
KHM0001000889,Cattle,,,,,,,,,,
KHM0001000890,Cattle,,,,,,,,,,
KHM0001000891,Cattle,,,,,,,,,,
KHM0001000892,Cattle,,,,,,,,,,
KHM0001000893,Cattle,,,,,,,,,,
KHM0001000894,Cattle,,,,,,,,,,
KHM0001000895,Cattle,,,,,,,,,,
KHM0001000896,Cattle,,,,,,,,,,
KHM0001000897,Cattle,,,,,,,,,,
KHM0001000898,Cattle,,,,,,,,,,
KHM0001000899,Cattle,,,,,,,,,,
KHM0001000900,Cattle,,,,,,,,,,
KHM0001000901,Cattle,,,,,,,,,,
KHM0001000902,Cattle,,,,,,,,,,
KHM0001000903,Cattle,,,,,,,,,,
KHM0001000904,Cattle,,,,,,,,,,
KHM0001000905,Cattle,,,,,,,,,,
KHM0001000906,Cattle,,,,,,,,,,
KHM0001000907,Cattle,,,,,,,,,,
KHM0001000908,Cattle,,,,,,,,,,
KHM0001000909,Cattle,,,,,,,,,,
KHM0001000910,Cattle,,,,,,,,,,
KHM0001000911,Cattle,,,,,,,,,,
KHM0001000912,Cattle,,,,,,,,,,
KHM0001000913,Cattle,,,,,,,,,,
KHM0001000914,Cattle,,,,,,,,,,
KHM0001000915,Cattle,,,,,,,,,,
KHM0001000916,Cattle,,,,,,,,,,
KHM0001000917,Cattle,,,,,,,,,,
KHM0001000918,Cattle,,,,,,,,,,
KHM0001000919,Cattle,,,,,,,,,,
KHM0001000920,Cattle,,,,,,,,,,
KHM0001000921,Cattle,,,,,,,,,,
KHM0001000922,Cattle,,,,,,,,,,
KHM0001000923,Cattle,,,,,,,,,,
KHM0001000924,Cattle,,,,,,,,,,
KHM0001000925,Cattle,,,,,,,,,,
KHM0001000926,Cattle,,,,,,,,,,
KHM0001000927,Cattle,,,,,,,,,,
KHM0001000928,Cattle,,,,,,,,,,
KHM0001000929,Cattle,,,,,,,,,,
KHM0001000930,Cattle,,,,,,,,,,
KHM0001000931,Cattle,,,,,,,,,,
KHM0001000932,Cattle,,,,,,,,,,
KHM0001000933,Cattle,,,,,,,,,,
KHM0001000934,Cattle,,,,,,,,,,
KHM0001000935,Cattle,,,,,,,,,,
KHM0001000936,Cattle,,,,,,,,,,
KHM0001000937,Cattle,,,,,,,,,,
KHM0001000938,Cattle,,,,,,,,,,
KHM0001000939,Cattle,,,,,,,,,,
KHM0001000940,Cattle,,,,,,,,,,
KHM0001000941,Cattle,,,,,,,,,,
KHM0001000942,Cattle,,,,,,,,,,
KHM0001000943,Cattle,,,,,,,,,,
KHM0001000944,Cattle,,,,,,,,,,
KHM0001000945,Cattle,,,,,,,,,,
KHM0001000946,Cattle,,,,,,,,,,
KHM0001000947,Cattle,,,,,,,,,,
KHM0001000948,Cattle,,,,,,,,,,
KHM0001000949,Cattle,,,,,,,,,,
KHM0001000950,Cattle,,,,,,,,,,
KHM0001000951,Cattle,,,,,,,,,,
KHM0001000952,Cattle,,,,,,,,,,
KHM0001000953,Cattle,,,,,,,,,,
KHM0001000954,Cattle,,,,,,,,,,
KHM0001000955,Cattle,,,,,,,,,,
KHM0001000956,Cattle,,,,,,,,,,
KHM0001000957,Cattle,,,,,,,,,,
KHM0001000958,Cattle,,,,,,,,,,
KHM0001000959,Cattle,,,,,,,,,,
KHM0001000960,Cattle,,,,,,,,,,
KHM0001000961,Cattle,,,,,,,,,,
KHM0001000962,Cattle,,,,,,,,,,
KHM0001000963,Cattle,,,,,,,,,,
KHM0001000964,Cattle,,,,,,,,,,
KHM0001000965,Cattle,,,,,,,,,,
KHM0001000966,Cattle,,,,,,,,,,
KHM0001000967,Cattle,,,,,,,,,,
KHM0001000968,Cattle,,,,,,,,,,
KHM0001000969,Cattle,,,,,,,,,,
KHM0001000970,Cattle,,,,,,,,,,
KHM0001000971,Cattle,,,,,,,,,,
KHM0001000972,Cattle,,,,,,,,,,
KHM0001000973,Cattle,,,,,,,,,,
KHM0001000974,Cattle,,,,,,,,,,
KHM0001000975,Cattle,,,,,,,,,,
KHM0001000976,Cattle,,,,,,,,,,
KHM0001000977,Cattle,,,,,,,,,,
KHM0001000978,Cattle,,,,,,,,,,
KHM0001000979,Cattle,,,,,,,,,,
KHM0001000980,Cattle,,,,,,,,,,
KHM0001000981,Cattle,,,,,,,,,,
KHM0001000982,Cattle,,,,,,,,,,
KHM0001000983,Cattle,,,,,,,,,,
KHM0001000984,Cattle,,,,,,,,,,
KHM0001000985,Cattle,,,,,,,,,,
KHM0001000986,Cattle,,,,,,,,,,
KHM0001000987,Cattle,,,,,,,,,,
KHM0001000988,Cattle,,,,,,,,,,
KHM0001000989,Cattle,,,,,,,,,,
KHM0001000990,Cattle,,,,,,,,,,
KHM0001000991,Cattle,,,,,,,,,,
KHM0001000992,Cattle,,,,,,,,,,
KHM0001000993,Cattle,,,,,,,,,,
KHM0001000994,Cattle,,,,,,,,,,
KHM0001000995,Cattle,,,,,,,,,,
KHM0001000996,Cattle,,,,,,,,,,
KHM0001000997,Cattle,,,,,,,,,,
KHM0001000998,Cattle,,,,,,,,,,
KHM0001000999,Cattle,,,,,,,,,,
LAO0001000001,Cattle,,,,,,,,,,
LAO0001000002,Cattle,,,,,,,,,,
LAO0001000003,Cattle,,,,,,,,,,
LAO0001000004,Cattle,,,,,,,,,,
LAO0001000005,Cattle,,,,,,,,,,
LAO0001000006,Cattle,,,,,,,,,,
LAO0001000007,Cattle,,,,,,,,,,
LAO0001000008,Cattle,,,,,,,,,,
LAO0001000009,Cattle,,,,,,,,,,
LAO0001000010,Cattle,,,,,,,,,,
LAO0001000011,Cattle,,,,,,,,,,
LAO0001000012,Cattle,,,,,,,,,,
LAO0001000013,Cattle,,,,,,,,,,
LAO0001000014,Cattle,,,,,,,,,,
LAO0001000015,Cattle,,,,,,,,,,
LAO0001000016,Cattle,,,,,,,,,,
LAO0001000017,Cattle,,,,,,,,,,
LAO0001000018,Cattle,,,,,,,,,,
LAO0001000019,Cattle,,,,,,,,,,
LAO0001000020,Cattle,,,,,,,,,,
LAO0001000021,Cattle,,,,,,,,,,
LAO0001000022,Cattle,,,,,,,,,,
LAO0001000023,Cattle,,,,,,,,,,
LAO0001000024,Cattle,,,,,,,,,,
LAO0001000025,Cattle,,,,,,,,,,
LAO0001000026,Cattle,,,,,,,,,,
LAO0001000027,Cattle,,,,,,,,,,
LAO0001000028,Cattle,,,,,,,,,,
LAO0001000029,Cattle,,,,,,,,,,
LAO0001000030,Cattle,,,,,,,,,,
LAO0001000031,Cattle,,,,,,,,,,
LAO0001000032,Cattle,,,,,,,,,,
LAO0001000033,Cattle,,,,,,,,,,
LAO0001000034,Cattle,,,,,,,,,,
LAO0001000035,Cattle,,,,,,,,,,
LAO0001000036,Cattle,,,,,,,,,,
LAO0001000037,Cattle,,,,,,,,,,
LAO0001000038,Cattle,,,,,,,,,,
LAO0001000039,Cattle,,,,,,,,,,
LAO0001000040,Cattle,,,,,,,,,,
LAO0001000041,Cattle,,,,,,,,,,
LAO0001000042,Cattle,,,,,,,,,,
LAO0001000043,Cattle,,,,,,,,,,
LAO0001000044,Cattle,,,,,,,,,,
LAO0001000045,Cattle,,,,,,,,,,
LAO0001000046,Cattle,,,,,,,,,,
LAO0001000047,Cattle,,,,,,,,,,
LAO0001000048,Cattle,,,,,,,,,,
LAO0001000049,Cattle,,,,,,,,,,
LAO0001000050,Cattle,,,,,,,,,,
LAO0001000051,Cattle,,,,,,,,,,
LAO0001000052,Cattle,,,,,,,,,,
LAO0001000053,Cattle,,,,,,,,,,
LAO0001000054,Cattle,,,,,,,,,,
LAO0001000055,Cattle,,,,,,,,,,
LAO0001000056,Cattle,,,,,,,,,,
LAO0001000057,Cattle,,,,,,,,,,
LAO0001000058,Cattle,,,,,,,,,,
LAO0001000059,Cattle,,,,,,,,,,
LAO0001000060,Cattle,,,,,,,,,,
LAO0001000061,Cattle,,,,,,,,,,
LAO0001000062,Cattle,,,,,,,,,,
LAO0001000063,Cattle,,,,,,,,,,
LAO0001000064,Cattle,,,,,,,,,,
LAO0001000065,Cattle,,,,,,,,,,
LAO0001000066,Cattle,,,,,,,,,,
LAO0001000067,Cattle,,,,,,,,,,
LAO0001000068,Cattle,,,,,,,,,,
LAO0001000069,Cattle,,,,,,,,,,
LAO0001000070,Cattle,,,,,,,,,,
LAO0001000071,Cattle,,,,,,,,,,
LAO0001000072,Cattle,,,,,,,,,,
LAO0001000073,Cattle,,,,,,,,,,
LAO0001000074,Cattle,,,,,,,,,,
LAO0001000075,Cattle,,,,,,,,,,
LAO0001000076,Cattle,,,,,,,,,,
LAO0001000077,Cattle,,,,,,,,,,
LAO0001000078,Cattle,,,,,,,,,,
LAO0001000079,Cattle,,,,,,,,,,
LAO0001000080,Cattle,,,,,,,,,,
LAO0001000081,Cattle,,,,,,,,,,
LAO0001000082,Cattle,,,,,,,,,,
LAO0001000083,Cattle,,,,,,,,,,
LAO0001000084,Cattle,,,,,,,,,,
LAO0001000085,Cattle,,,,,,,,,,
LAO0001000086,Cattle,,,,,,,,,,
LAO0001000087,Cattle,,,,,,,,,,
LAO0001000088,Cattle,,,,,,,,,,
LAO0001000089,Cattle,,,,,,,,,,
LAO0001000090,Cattle,,,,,,,,,,
LAO0001000091,Cattle,,,,,,,,,,
LAO0001000092,Cattle,,,,,,,,,,
LAO0001000093,Cattle,,,,,,,,,,
LAO0001000094,Cattle,,,,,,,,,,
LAO0001000095,Cattle,,,,,,,,,,
LAO0001000096,Cattle,,,,,,,,,,
LAO0001000097,Cattle,,,,,,,,,,
LAO0001000098,Cattle,,,,,,,,,,
LAO0001000099,Cattle,,,,,,,,,,
LAO0001000100,Cattle,,,,,,,,,,
LAO0001000101,Cattle,,,,,,,,,,
LAO0001000102,Cattle,,,,,,,,,,
LAO0001000103,Cattle,,,,,,,,,,
LAO0001000104,Cattle,,,,,,,,,,
LAO0001000105,Cattle,,,,,,,,,,
LAO0001000106,Cattle,,,,,,,,,,
LAO0001000107,Cattle,,,,,,,,,,
LAO0001000108,Cattle,,,,,,,,,,
LAO0001000109,Cattle,,,,,,,,,,
LAO0001000110,Cattle,,,,,,,,,,
LAO0001000111,Cattle,,,,,,,,,,
LAO0001000112,Cattle,,,,,,,,,,
LAO0001000113,Cattle,,,,,,,,,,
LAO0001000114,Cattle,,,,,,,,,,
LAO0001000115,Cattle,,,,,,,,,,
LAO0001000116,Cattle,,,,,,,,,,
LAO0001000117,Cattle,,,,,,,,,,
LAO0001000118,Cattle,,,,,,,,,,
LAO0001000119,Cattle,,,,,,,,,,
LAO0001000120,Cattle,,,,,,,,,,
LAO0001000121,Cattle,,,,,,,,,,
LAO0001000122,Cattle,,,,,,,,,,
LAO0001000123,Cattle,,,,,,,,,,
LAO0001000124,Cattle,,,,,,,,,,
LAO0001000125,Cattle,,,,,,,,,,
LAO0001000126,Cattle,,,,,,,,,,
LAO0001000127,Cattle,,,,,,,,,,
LAO0001000128,Cattle,,,,,,,,,,
LAO0001000129,Cattle,,,,,,,,,,
LAO0001000130,Cattle,,,,,,,,,,
LAO0001000131,Cattle,,,,,,,,,,
LAO0001000132,Cattle,,,,,,,,,,
LAO0001000133,Cattle,,,,,,,,,,
LAO0001000134,Cattle,,,,,,,,,,
LAO0001000135,Cattle,,,,,,,,,,
LAO0001000136,Cattle,,,,,,,,,,
LAO0001000137,Cattle,,,,,,,,,,
LAO0001000138,Cattle,,,,,,,,,,
LAO0001000139,Cattle,,,,,,,,,,
LAO0001000140,Cattle,,,,,,,,,,
LAO0001000141,Cattle,,,,,,,,,,
LAO0001000142,Cattle,,,,,,,,,,
LAO0001000143,Cattle,,,,,,,,,,
LAO0001000144,Cattle,,,,,,,,,,
LAO0001000145,Cattle,,,,,,,,,,
LAO0001000146,Cattle,,,,,,,,,,
LAO0001000147,Cattle,,,,,,,,,,
LAO0001000148,Cattle,,,,,,,,,,
LAO0001000149,Cattle,,,,,,,,,,
LAO0001000150,Cattle,,,,,,,,,,
LAO0001000151,Cattle,,,,,,,,,,
LAO0001000152,Cattle,,,,,,,,,,
LAO0001000153,Cattle,,,,,,,,,,
LAO0001000154,Cattle,,,,,,,,,,
LAO0001000155,Cattle,,,,,,,,,,
LAO0001000156,Cattle,,,,,,,,,,
LAO0001000157,Cattle,,,,,,,,,,
LAO0001000158,Cattle,,,,,,,,,,
LAO0001000159,Cattle,,,,,,,,,,
LAO0001000160,Cattle,,,,,,,,,,
LAO0001000161,Cattle,,,,,,,,,,
LAO0001000162,Cattle,,,,,,,,,,
LAO0001000163,Cattle,,,,,,,,,,
LAO0001000164,Cattle,,,,,,,,,,
LAO0001000165,Cattle,,,,,,,,,,
LAO0001000166,Cattle,,,,,,,,,,
LAO0001000167,Cattle,,,,,,,,,,
LAO0001000168,Cattle,,,,,,,,,,
LAO0001000169,Cattle,,,,,,,,,,
LAO0001000170,Cattle,,,,,,,,,,
LAO0001000171,Cattle,,,,,,,,,,
LAO0001000172,Cattle,,,,,,,,,,
LAO0001000173,Cattle,,,,,,,,,,
LAO0001000174,Cattle,,,,,,,,,,
LAO0001000175,Cattle,,,,,,,,,,
LAO0001000176,Cattle,,,,,,,,,,
LAO0001000177,Cattle,,,,,,,,,,
LAO0001000178,Cattle,,,,,,,,,,
LAO0001000179,Cattle,,,,,,,,,,
LAO0001000180,Cattle,,,,,,,,,,
LAO0001000181,Cattle,,,,,,,,,,
LAO0001000182,Cattle,,,,,,,,,,
LAO0001000183,Cattle,,,,,,,,,,
LAO0001000184,Cattle,,,,,,,,,,
LAO0001000185,Cattle,,,,,,,,,,
LAO0001000186,Cattle,,,,,,,,,,
LAO0001000187,Cattle,,,,,,,,,,
LAO0001000188,Cattle,,,,,,,,,,
LAO0001000189,Cattle,,,,,,,,,,
LAO0001000190,Cattle,,,,,,,,,,
LAO0001000191,Cattle,,,,,,,,,,
LAO0001000192,Cattle,,,,,,,,,,
LAO0001000193,Cattle,,,,,,,,,,
LAO0001000194,Cattle,,,,,,,,,,
LAO0001000195,Cattle,,,,,,,,,,
LAO0001000196,Cattle,,,,,,,,,,
LAO0001000197,Cattle,,,,,,,,,,
LAO0001000198,Cattle,,,,,,,,,,
LAO0001000199,Cattle,,,,,,,,,,
LAO0001000200,Cattle,,,,,,,,,,
LAO0001000201,Cattle,,,,,,,,,,
LAO0001000202,Cattle,,,,,,,,,,
LAO0001000203,Cattle,,,,,,,,,,
LAO0001000204,Cattle,,,,,,,,,,
LAO0001000205,Cattle,,,,,,,,,,
LAO0001000206,Cattle,,,,,,,,,,
LAO0001000207,Cattle,,,,,,,,,,
LAO0001000208,Cattle,,,,,,,,,,
LAO0001000209,Cattle,,,,,,,,,,
LAO0001000210,Cattle,,,,,,,,,,
LAO0001000211,Cattle,,,,,,,,,,
LAO0001000212,Cattle,,,,,,,,,,
LAO0001000213,Cattle,,,,,,,,,,
LAO0001000214,Cattle,,,,,,,,,,
LAO0001000215,Cattle,,,,,,,,,,
LAO0001000216,Cattle,,,,,,,,,,
LAO0001000217,Cattle,,,,,,,,,,
LAO0001000218,Cattle,,,,,,,,,,
LAO0001000219,Cattle,,,,,,,,,,
LAO0001000220,Cattle,,,,,,,,,,
LAO0001000221,Cattle,,,,,,,,,,
LAO0001000222,Cattle,,,,,,,,,,
LAO0001000223,Cattle,,,,,,,,,,
LAO0001000224,Cattle,,,,,,,,,,
LAO0001000225,Cattle,,,,,,,,,,
LAO0001000226,Cattle,,,,,,,,,,
LAO0001000227,Cattle,,,,,,,,,,
LAO0001000228,Cattle,,,,,,,,,,
LAO0001000229,Cattle,,,,,,,,,,
LAO0001000230,Cattle,,,,,,,,,,
LAO0001000231,Cattle,,,,,,,,,,
LAO0001000232,Cattle,,,,,,,,,,
LAO0001000233,Cattle,,,,,,,,,,
LAO0001000234,Cattle,,,,,,,,,,
LAO0001000235,Cattle,,,,,,,,,,
LAO0001000236,Cattle,,,,,,,,,,
LAO0001000237,Cattle,,,,,,,,,,
LAO0001000238,Cattle,,,,,,,,,,
LAO0001000239,Cattle,,,,,,,,,,
LAO0001000240,Cattle,,,,,,,,,,
LAO0001000241,Cattle,,,,,,,,,,
LAO0001000242,Cattle,,,,,,,,,,
LAO0001000243,Cattle,,,,,,,,,,
LAO0001000244,Cattle,,,,,,,,,,
LAO0001000245,Cattle,,,,,,,,,,
LAO0001000246,Cattle,,,,,,,,,,
LAO0001000247,Cattle,,,,,,,,,,
LAO0001000248,Cattle,,,,,,,,,,
LAO0001000249,Cattle,,,,,,,,,,
LAO0001000250,Cattle,,,,,,,,,,
LAO0001000251,Cattle,,,,,,,,,,
LAO0001000252,Cattle,,,,,,,,,,
LAO0001000253,Cattle,,,,,,,,,,
LAO0001000254,Cattle,,,,,,,,,,
LAO0001000255,Cattle,,,,,,,,,,
LAO0001000256,Cattle,,,,,,,,,,
LAO0001000257,Cattle,,,,,,,,,,
LAO0001000258,Cattle,,,,,,,,,,
LAO0001000259,Cattle,,,,,,,,,,
LAO0001000260,Cattle,,,,,,,,,,
LAO0001000261,Cattle,,,,,,,,,,
LAO0001000262,Cattle,,,,,,,,,,
LAO0001000263,Cattle,,,,,,,,,,
LAO0001000264,Cattle,,,,,,,,,,
LAO0001000265,Cattle,,,,,,,,,,
LAO0001000266,Cattle,,,,,,,,,,
LAO0001000267,Cattle,,,,,,,,,,
LAO0001000268,Cattle,,,,,,,,,,
LAO0001000269,Cattle,,,,,,,,,,
LAO0001000270,Cattle,,,,,,,,,,
LAO0001000271,Cattle,,,,,,,,,,
LAO0001000272,Cattle,,,,,,,,,,
LAO0001000273,Cattle,,,,,,,,,,
LAO0001000274,Cattle,,,,,,,,,,
LAO0001000275,Cattle,,,,,,,,,,
LAO0001000276,Cattle,,,,,,,,,,
LAO0001000277,Cattle,,,,,,,,,,
LAO0001000278,Cattle,,,,,,,,,,
LAO0001000279,Cattle,,,,,,,,,,
LAO0001000280,Cattle,,,,,,,,,,
LAO0001000281,Cattle,,,,,,,,,,
LAO0001000282,Cattle,,,,,,,,,,
LAO0001000283,Cattle,,,,,,,,,,
LAO0001000284,Cattle,,,,,,,,,,
LAO0001000285,Cattle,,,,,,,,,,
LAO0001000286,Cattle,,,,,,,,,,
LAO0001000287,Cattle,,,,,,,,,,
LAO0001000288,Cattle,,,,,,,,,,
LAO0001000289,Cattle,,,,,,,,,,
LAO0001000290,Cattle,,,,,,,,,,
LAO0001000291,Cattle,,,,,,,,,,
LAO0001000292,Cattle,,,,,,,,,,
LAO0001000293,Cattle,,,,,,,,,,
LAO0001000294,Cattle,,,,,,,,,,
LAO0001000295,Cattle,,,,,,,,,,
LAO0001000296,Cattle,,,,,,,,,,
LAO0001000297,Cattle,,,,,,,,,,
LAO0001000298,Cattle,,,,,,,,,,
LAO0001000299,Cattle,,,,,,,,,,
LAO0001000300,Cattle,,,,,,,,,,
LAO0001000301,Cattle,,,,,,,,,,
LAO0001000302,Cattle,,,,,,,,,,
LAO0001000303,Cattle,,,,,,,,,,
LAO0001000304,Cattle,,,,,,,,,,
LAO0001000305,Cattle,,,,,,,,,,
LAO0001000306,Cattle,,,,,,,,,,
LAO0001000307,Cattle,,,,,,,,,,
LAO0001000308,Cattle,,,,,,,,,,
LAO0001000309,Cattle,,,,,,,,,,
LAO0001000310,Cattle,,,,,,,,,,
LAO0001000311,Cattle,,,,,,,,,,
LAO0001000312,Cattle,,,,,,,,,,
LAO0001000313,Cattle,,,,,,,,,,
LAO0001000314,Cattle,,,,,,,,,,
LAO0001000315,Cattle,,,,,,,,,,
LAO0001000316,Cattle,,,,,,,,,,
LAO0001000317,Cattle,,,,,,,,,,
LAO0001000318,Cattle,,,,,,,,,,
LAO0001000319,Cattle,,,,,,,,,,
LAO0001000320,Cattle,,,,,,,,,,
LAO0001000321,Cattle,,,,,,,,,,
LAO0001000322,Cattle,,,,,,,,,,
LAO0001000323,Cattle,,,,,,,,,,
LAO0001000324,Cattle,,,,,,,,,,
LAO0001000325,Cattle,,,,,,,,,,
LAO0001000326,Cattle,,,,,,,,,,
LAO0001000327,Cattle,,,,,,,,,,
LAO0001000328,Cattle,,,,,,,,,,
LAO0001000329,Cattle,,,,,,,,,,
LAO0001000330,Cattle,,,,,,,,,,
LAO0001000331,Cattle,,,,,,,,,,
LAO0001000332,Cattle,,,,,,,,,,
LAO0001000333,Cattle,,,,,,,,,,
LAO0001000334,Cattle,,,,,,,,,,
LAO0001000335,Cattle,,,,,,,,,,
LAO0001000336,Cattle,,,,,,,,,,
LAO0001000337,Cattle,,,,,,,,,,
LAO0001000338,Cattle,,,,,,,,,,
LAO0001000339,Cattle,,,,,,,,,,
LAO0001000340,Cattle,,,,,,,,,,
LAO0001000341,Cattle,,,,,,,,,,
LAO0001000342,Cattle,,,,,,,,,,
LAO0001000343,Cattle,,,,,,,,,,
LAO0001000344,Cattle,,,,,,,,,,
LAO0001000345,Cattle,,,,,,,,,,
LAO0001000346,Cattle,,,,,,,,,,
LAO0001000347,Cattle,,,,,,,,,,
LAO0001000348,Cattle,,,,,,,,,,
LAO0001000349,Cattle,,,,,,,,,,
LAO0001000350,Cattle,,,,,,,,,,
LAO0001000351,Cattle,,,,,,,,,,
LAO0001000352,Cattle,,,,,,,,,,
LAO0001000353,Cattle,,,,,,,,,,
LAO0001000354,Cattle,,,,,,,,,,
LAO0001000355,Cattle,,,,,,,,,,
LAO0001000356,Cattle,,,,,,,,,,
LAO0001000357,Cattle,,,,,,,,,,
LAO0001000358,Cattle,,,,,,,,,,
LAO0001000359,Cattle,,,,,,,,,,
LAO0001000360,Cattle,,,,,,,,,,
LAO0001000361,Cattle,,,,,,,,,,
LAO0001000362,Cattle,,,,,,,,,,
LAO0001000363,Cattle,,,,,,,,,,
LAO0001000364,Cattle,,,,,,,,,,
LAO0001000365,Cattle,,,,,,,,,,
LAO0001000366,Cattle,,,,,,,,,,
LAO0001000367,Cattle,,,,,,,,,,
LAO0001000368,Cattle,,,,,,,,,,
LAO0001000369,Cattle,,,,,,,,,,
LAO0001000370,Cattle,,,,,,,,,,
LAO0001000371,Cattle,,,,,,,,,,
LAO0001000372,Cattle,,,,,,,,,,
LAO0001000373,Cattle,,,,,,,,,,
LAO0001000374,Cattle,,,,,,,,,,
LAO0001000375,Cattle,,,,,,,,,,
LAO0001000376,Cattle,,,,,,,,,,
LAO0001000377,Cattle,,,,,,,,,,
LAO0001000378,Cattle,,,,,,,,,,
LAO0001000379,Cattle,,,,,,,,,,
LAO0001000380,Cattle,,,,,,,,,,
LAO0001000381,Cattle,,,,,,,,,,
LAO0001000382,Cattle,,,,,,,,,,
LAO0001000383,Cattle,,,,,,,,,,
LAO0001000384,Cattle,,,,,,,,,,
LAO0001000385,Cattle,,,,,,,,,,
LAO0001000386,Cattle,,,,,,,,,,
LAO0001000387,Cattle,,,,,,,,,,
LAO0001000388,Cattle,,,,,,,,,,
LAO0001000389,Cattle,,,,,,,,,,
LAO0001000390,Cattle,,,,,,,,,,
LAO0001000391,Cattle,,,,,,,,,,
LAO0001000392,Cattle,,,,,,,,,,
LAO0001000393,Cattle,,,,,,,,,,
LAO0001000394,Cattle,,,,,,,,,,
LAO0001000395,Cattle,,,,,,,,,,
LAO0001000396,Cattle,,,,,,,,,,
LAO0001000397,Cattle,,,,,,,,,,
LAO0001000398,Cattle,,,,,,,,,,
LAO0001000399,Cattle,,,,,,,,,,
LAO0001000400,Cattle,,,,,,,,,,
LAO0001000401,Cattle,,,,,,,,,,
LAO0001000402,Cattle,,,,,,,,,,
LAO0001000403,Cattle,,,,,,,,,,
LAO0001000404,Cattle,,,,,,,,,,
LAO0001000405,Cattle,,,,,,,,,,
LAO0001000406,Cattle,,,,,,,,,,
LAO0001000407,Cattle,,,,,,,,,,
LAO0001000408,Cattle,,,,,,,,,,
LAO0001000409,Cattle,,,,,,,,,,
LAO0001000410,Cattle,,,,,,,,,,
LAO0001000411,Cattle,,,,,,,,,,
LAO0001000412,Cattle,,,,,,,,,,
LAO0001000413,Cattle,,,,,,,,,,
LAO0001000414,Cattle,,,,,,,,,,
LAO0001000415,Cattle,,,,,,,,,,
LAO0001000416,Cattle,,,,,,,,,,
LAO0001000417,Cattle,,,,,,,,,,
LAO0001000418,Cattle,,,,,,,,,,
LAO0001000419,Cattle,,,,,,,,,,
LAO0001000420,Cattle,,,,,,,,,,
LAO0001000421,Cattle,,,,,,,,,,
LAO0001000422,Cattle,,,,,,,,,,
LAO0001000423,Cattle,,,,,,,,,,
LAO0001000424,Cattle,,,,,,,,,,
LAO0001000425,Cattle,,,,,,,,,,
LAO0001000426,Cattle,,,,,,,,,,
LAO0001000427,Cattle,,,,,,,,,,
LAO0001000428,Cattle,,,,,,,,,,
LAO0001000429,Cattle,,,,,,,,,,
LAO0001000430,Cattle,,,,,,,,,,
LAO0001000431,Cattle,,,,,,,,,,
LAO0001000432,Cattle,,,,,,,,,,
LAO0001000433,Cattle,,,,,,,,,,
LAO0001000434,Cattle,,,,,,,,,,
LAO0001000435,Cattle,,,,,,,,,,
LAO0001000436,Cattle,,,,,,,,,,
LAO0001000437,Cattle,,,,,,,,,,
LAO0001000438,Cattle,,,,,,,,,,
LAO0001000439,Cattle,,,,,,,,,,
LAO0001000440,Cattle,,,,,,,,,,
LAO0001000441,Cattle,,,,,,,,,,
LAO0001000442,Cattle,,,,,,,,,,
LAO0001000443,Cattle,,,,,,,,,,
LAO0001000444,Cattle,,,,,,,,,,
LAO0001000445,Cattle,,,,,,,,,,
LAO0001000446,Cattle,,,,,,,,,,
LAO0001000447,Cattle,,,,,,,,,,
LAO0001000448,Cattle,,,,,,,,,,
LAO0001000449,Cattle,,,,,,,,,,
LAO0001000450,Cattle,,,,,,,,,,
LAO0001000451,Cattle,,,,,,,,,,
LAO0001000452,Cattle,,,,,,,,,,
LAO0001000453,Cattle,,,,,,,,,,
LAO0001000454,Cattle,,,,,,,,,,
LAO0001000455,Cattle,,,,,,,,,,
LAO0001000456,Cattle,,,,,,,,,,
LAO0001000457,Cattle,,,,,,,,,,
LAO0001000458,Cattle,,,,,,,,,,
LAO0001000459,Cattle,,,,,,,,,,
LAO0001000460,Cattle,,,,,,,,,,
LAO0001000461,Cattle,,,,,,,,,,
LAO0001000462,Cattle,,,,,,,,,,
LAO0001000463,Cattle,,,,,,,,,,
LAO0001000464,Cattle,,,,,,,,,,
LAO0001000465,Cattle,,,,,,,,,,
LAO0001000466,Cattle,,,,,,,,,,
LAO0001000467,Cattle,,,,,,,,,,
LAO0001000468,Cattle,,,,,,,,,,
LAO0001000469,Cattle,,,,,,,,,,
LAO0001000470,Cattle,,,,,,,,,,
LAO0001000471,Cattle,,,,,,,,,,
LAO0001000472,Cattle,,,,,,,,,,
LAO0001000473,Cattle,,,,,,,,,,
LAO0001000474,Cattle,,,,,,,,,,
LAO0001000475,Cattle,,,,,,,,,,
LAO0001000476,Cattle,,,,,,,,,,
LAO0001000477,Cattle,,,,,,,,,,
LAO0001000478,Cattle,,,,,,,,,,
LAO0001000479,Cattle,,,,,,,,,,
LAO0001000480,Cattle,,,,,,,,,,
LAO0001000481,Cattle,,,,,,,,,,
LAO0001000482,Cattle,,,,,,,,,,
LAO0001000483,Cattle,,,,,,,,,,
LAO0001000484,Cattle,,,,,,,,,,
LAO0001000485,Cattle,,,,,,,,,,
LAO0001000486,Cattle,,,,,,,,,,
LAO0001000487,Cattle,,,,,,,,,,
LAO0001000488,Cattle,,,,,,,,,,
LAO0001000489,Cattle,,,,,,,,,,
LAO0001000490,Cattle,,,,,,,,,,
LAO0001000491,Cattle,,,,,,,,,,
LAO0001000492,Cattle,,,,,,,,,,
LAO0001000493,Cattle,,,,,,,,,,
LAO0001000494,Cattle,,,,,,,,,,
LAO0001000495,Cattle,,,,,,,,,,
LAO0001000496,Cattle,,,,,,,,,,
LAO0001000497,Cattle,,,,,,,,,,
LAO0001000498,Cattle,,,,,,,,,,
LAO0001000499,Cattle,,,,,,,,,,
LAO0001000500,Cattle,,,,,,,,,,
LAO0001000501,Cattle,,,,,,,,,,
LAO0001000502,Cattle,,,,,,,,,,
LAO0001000503,Cattle,,,,,,,,,,
LAO0001000504,Cattle,,,,,,,,,,
LAO0001000505,Cattle,,,,,,,,,,
LAO0001000506,Cattle,,,,,,,,,,
LAO0001000507,Cattle,,,,,,,,,,
LAO0001000508,Cattle,,,,,,,,,,
LAO0001000509,Cattle,,,,,,,,,,
LAO0001000510,Cattle,,,,,,,,,,
LAO0001000511,Cattle,,,,,,,,,,
LAO0001000512,Cattle,,,,,,,,,,
LAO0001000513,Cattle,,,,,,,,,,
LAO0001000514,Cattle,,,,,,,,,,
LAO0001000515,Cattle,,,,,,,,,,
LAO0001000516,Cattle,,,,,,,,,,
LAO0001000517,Cattle,,,,,,,,,,
LAO0001000518,Cattle,,,,,,,,,,
LAO0001000519,Cattle,,,,,,,,,,
LAO0001000520,Cattle,,,,,,,,,,
LAO0001000521,Cattle,,,,,,,,,,
LAO0001000522,Cattle,,,,,,,,,,
LAO0001000523,Cattle,,,,,,,,,,
LAO0001000524,Cattle,,,,,,,,,,
LAO0001000525,Cattle,,,,,,,,,,
LAO0001000526,Cattle,,,,,,,,,,
LAO0001000527,Cattle,,,,,,,,,,
LAO0001000528,Cattle,,,,,,,,,,
LAO0001000529,Cattle,,,,,,,,,,
LAO0001000530,Cattle,,,,,,,,,,
LAO0001000531,Cattle,,,,,,,,,,
LAO0001000532,Cattle,,,,,,,,,,
LAO0001000533,Cattle,,,,,,,,,,
LAO0001000534,Cattle,,,,,,,,,,
LAO0001000535,Cattle,,,,,,,,,,
LAO0001000536,Cattle,,,,,,,,,,
LAO0001000537,Cattle,,,,,,,,,,
LAO0001000538,Cattle,,,,,,,,,,
LAO0001000539,Cattle,,,,,,,,,,
LAO0001000540,Cattle,,,,,,,,,,
LAO0001000541,Cattle,,,,,,,,,,
LAO0001000542,Cattle,,,,,,,,,,
LAO0001000543,Cattle,,,,,,,,,,
LAO0001000544,Cattle,,,,,,,,,,
LAO0001000545,Cattle,,,,,,,,,,
LAO0001000546,Cattle,,,,,,,,,,
LAO0001000547,Cattle,,,,,,,,,,
LAO0001000548,Cattle,,,,,,,,,,
LAO0001000549,Cattle,,,,,,,,,,
LAO0001000550,Cattle,,,,,,,,,,
LAO0001000551,Cattle,,,,,,,,,,
LAO0001000552,Cattle,,,,,,,,,,
LAO0001000553,Cattle,,,,,,,,,,
LAO0001000554,Cattle,,,,,,,,,,
LAO0001000555,Cattle,,,,,,,,,,
LAO0001000556,Cattle,,,,,,,,,,
LAO0001000557,Cattle,,,,,,,,,,
LAO0001000558,Cattle,,,,,,,,,,
LAO0001000559,Cattle,,,,,,,,,,
LAO0001000560,Cattle,,,,,,,,,,
LAO0001000561,Cattle,,,,,,,,,,
LAO0001000562,Cattle,,,,,,,,,,
LAO0001000563,Cattle,,,,,,,,,,
LAO0001000564,Cattle,,,,,,,,,,
LAO0001000565,Cattle,,,,,,,,,,
LAO0001000566,Cattle,,,,,,,,,,
LAO0001000567,Cattle,,,,,,,,,,
LAO0001000568,Cattle,,,,,,,,,,
LAO0001000569,Cattle,,,,,,,,,,
LAO0001000570,Cattle,,,,,,,,,,
LAO0001000571,Cattle,,,,,,,,,,
LAO0001000572,Cattle,,,,,,,,,,
LAO0001000573,Cattle,,,,,,,,,,
LAO0001000574,Cattle,,,,,,,,,,
LAO0001000575,Cattle,,,,,,,,,,
LAO0001000576,Cattle,,,,,,,,,,
LAO0001000577,Cattle,,,,,,,,,,
LAO0001000578,Cattle,,,,,,,,,,
LAO0001000579,Cattle,,,,,,,,,,
LAO0001000580,Cattle,,,,,,,,,,
LAO0001000581,Cattle,,,,,,,,,,
LAO0001000582,Cattle,,,,,,,,,,
LAO0001000583,Cattle,,,,,,,,,,
LAO0001000584,Cattle,,,,,,,,,,
LAO0001000585,Cattle,,,,,,,,,,
LAO0001000586,Cattle,,,,,,,,,,
LAO0001000587,Cattle,,,,,,,,,,
LAO0001000588,Cattle,,,,,,,,,,
LAO0001000589,Cattle,,,,,,,,,,
LAO0001000590,Cattle,,,,,,,,,,
LAO0001000591,Cattle,,,,,,,,,,
LAO0001000592,Cattle,,,,,,,,,,
LAO0001000593,Cattle,,,,,,,,,,
LAO0001000594,Cattle,,,,,,,,,,
LAO0001000595,Cattle,,,,,,,,,,
LAO0001000596,Cattle,,,,,,,,,,
LAO0001000597,Cattle,,,,,,,,,,
LAO0001000598,Cattle,,,,,,,,,,
LAO0001000599,Cattle,,,,,,,,,,
LAO0001000600,Cattle,,,,,,,,,,
LAO0001000601,Cattle,,,,,,,,,,
LAO0001000602,Cattle,,,,,,,,,,
LAO0001000603,Cattle,,,,,,,,,,
LAO0001000604,Cattle,,,,,,,,,,
LAO0001000605,Cattle,,,,,,,,,,
LAO0001000606,Cattle,,,,,,,,,,
LAO0001000607,Cattle,,,,,,,,,,
LAO0001000608,Cattle,,,,,,,,,,
LAO0001000609,Cattle,,,,,,,,,,
LAO0001000610,Cattle,,,,,,,,,,
LAO0001000611,Cattle,,,,,,,,,,
LAO0001000612,Cattle,,,,,,,,,,
LAO0001000613,Cattle,,,,,,,,,,
LAO0001000614,Cattle,,,,,,,,,,
LAO0001000615,Cattle,,,,,,,,,,
LAO0001000616,Cattle,,,,,,,,,,
LAO0001000617,Cattle,,,,,,,,,,
LAO0001000618,Cattle,,,,,,,,,,
LAO0001000619,Cattle,,,,,,,,,,
LAO0001000620,Cattle,,,,,,,,,,
LAO0001000621,Cattle,,,,,,,,,,
LAO0001000622,Cattle,,,,,,,,,,
LAO0001000623,Cattle,,,,,,,,,,
LAO0001000624,Cattle,,,,,,,,,,
LAO0001000625,Cattle,,,,,,,,,,
LAO0001000626,Cattle,,,,,,,,,,
LAO0001000627,Cattle,,,,,,,,,,
LAO0001000628,Cattle,,,,,,,,,,
LAO0001000629,Cattle,,,,,,,,,,
LAO0001000630,Cattle,,,,,,,,,,
LAO0001000631,Cattle,,,,,,,,,,
LAO0001000632,Cattle,,,,,,,,,,
LAO0001000633,Cattle,,,,,,,,,,
LAO0001000634,Cattle,,,,,,,,,,
LAO0001000635,Cattle,,,,,,,,,,
LAO0001000636,Cattle,,,,,,,,,,
LAO0001000637,Cattle,,,,,,,,,,
LAO0001000638,Cattle,,,,,,,,,,
LAO0001000639,Cattle,,,,,,,,,,
LAO0001000640,Cattle,,,,,,,,,,
LAO0001000641,Cattle,,,,,,,,,,
LAO0001000642,Cattle,,,,,,,,,,
LAO0001000643,Cattle,,,,,,,,,,
LAO0001000644,Cattle,,,,,,,,,,
LAO0001000645,Cattle,,,,,,,,,,
LAO0001000646,Cattle,,,,,,,,,,
LAO0001000647,Cattle,,,,,,,,,,
LAO0001000648,Cattle,,,,,,,,,,
LAO0001000649,Cattle,,,,,,,,,,
LAO0001000650,Cattle,,,,,,,,,,
LAO0001000651,Cattle,,,,,,,,,,
LAO0001000652,Cattle,,,,,,,,,,
LAO0001000653,Cattle,,,,,,,,,,
LAO0001000654,Cattle,,,,,,,,,,
LAO0001000655,Cattle,,,,,,,,,,
LAO0001000656,Cattle,,,,,,,,,,
LAO0001000657,Cattle,,,,,,,,,,
LAO0001000658,Cattle,,,,,,,,,,
LAO0001000659,Cattle,,,,,,,,,,
LAO0001000660,Cattle,,,,,,,,,,
LAO0001000661,Cattle,,,,,,,,,,
LAO0001000662,Cattle,,,,,,,,,,
LAO0001000663,Cattle,,,,,,,,,,
LAO0001000664,Cattle,,,,,,,,,,
LAO0001000665,Cattle,,,,,,,,,,
LAO0001000666,Cattle,,,,,,,,,,
LAO0001000667,Cattle,,,,,,,,,,
LAO0001000668,Cattle,,,,,,,,,,
LAO0001000669,Cattle,,,,,,,,,,
LAO0001000670,Cattle,,,,,,,,,,
LAO0001000671,Cattle,,,,,,,,,,
LAO0001000672,Cattle,,,,,,,,,,
LAO0001000673,Cattle,,,,,,,,,,
LAO0001000674,Cattle,,,,,,,,,,
LAO0001000675,Cattle,,,,,,,,,,
LAO0001000676,Cattle,,,,,,,,,,
LAO0001000677,Cattle,,,,,,,,,,
LAO0001000678,Cattle,,,,,,,,,,
LAO0001000679,Cattle,,,,,,,,,,
LAO0001000680,Cattle,,,,,,,,,,
LAO0001000681,Cattle,,,,,,,,,,
LAO0001000682,Cattle,,,,,,,,,,
LAO0001000683,Cattle,,,,,,,,,,
LAO0001000684,Cattle,,,,,,,,,,
LAO0001000685,Cattle,,,,,,,,,,
LAO0001000686,Cattle,,,,,,,,,,
LAO0001000687,Cattle,,,,,,,,,,
LAO0001000688,Cattle,,,,,,,,,,
LAO0001000689,Cattle,,,,,,,,,,
LAO0001000690,Cattle,,,,,,,,,,
LAO0001000691,Cattle,,,,,,,,,,
LAO0001000692,Cattle,,,,,,,,,,
LAO0001000693,Cattle,,,,,,,,,,
LAO0001000694,Cattle,,,,,,,,,,
LAO0001000695,Cattle,,,,,,,,,,
LAO0001000696,Cattle,,,,,,,,,,
LAO0001000697,Cattle,,,,,,,,,,
LAO0001000698,Cattle,,,,,,,,,,
LAO0001000699,Cattle,,,,,,,,,,
LAO0001000700,Cattle,,,,,,,,,,
LAO0001000701,Cattle,,,,,,,,,,
LAO0001000702,Cattle,,,,,,,,,,
LAO0001000703,Cattle,,,,,,,,,,
LAO0001000704,Cattle,,,,,,,,,,
LAO0001000705,Cattle,,,,,,,,,,
LAO0001000706,Cattle,,,,,,,,,,
LAO0001000707,Cattle,,,,,,,,,,
LAO0001000708,Cattle,,,,,,,,,,
LAO0001000709,Cattle,,,,,,,,,,
LAO0001000710,Cattle,,,,,,,,,,
LAO0001000711,Cattle,,,,,,,,,,
LAO0001000712,Cattle,,,,,,,,,,
LAO0001000713,Cattle,,,,,,,,,,
LAO0001000714,Cattle,,,,,,,,,,
LAO0001000715,Cattle,,,,,,,,,,
LAO0001000716,Cattle,,,,,,,,,,
LAO0001000717,Cattle,,,,,,,,,,
LAO0001000718,Cattle,,,,,,,,,,
LAO0001000719,Cattle,,,,,,,,,,
LAO0001000720,Cattle,,,,,,,,,,
LAO0001000721,Cattle,,,,,,,,,,
LAO0001000722,Cattle,,,,,,,,,,
LAO0001000723,Cattle,,,,,,,,,,
LAO0001000724,Cattle,,,,,,,,,,
LAO0001000725,Cattle,,,,,,,,,,
LAO0001000726,Cattle,,,,,,,,,,
LAO0001000727,Cattle,,,,,,,,,,
LAO0001000728,Cattle,,,,,,,,,,
LAO0001000729,Cattle,,,,,,,,,,
LAO0001000730,Cattle,,,,,,,,,,
LAO0001000731,Cattle,,,,,,,,,,
LAO0001000732,Cattle,,,,,,,,,,
LAO0001000733,Cattle,,,,,,,,,,
LAO0001000734,Cattle,,,,,,,,,,
LAO0001000735,Cattle,,,,,,,,,,
LAO0001000736,Cattle,,,,,,,,,,
LAO0001000737,Cattle,,,,,,,,,,
LAO0001000738,Cattle,,,,,,,,,,
LAO0001000739,Cattle,,,,,,,,,,
LAO0001000740,Cattle,,,,,,,,,,
LAO0001000741,Cattle,,,,,,,,,,
LAO0001000742,Cattle,,,,,,,,,,
LAO0001000743,Cattle,,,,,,,,,,
LAO0001000744,Cattle,,,,,,,,,,
LAO0001000745,Cattle,,,,,,,,,,
LAO0001000746,Cattle,,,,,,,,,,
LAO0001000747,Cattle,,,,,,,,,,
LAO0001000748,Cattle,,,,,,,,,,
LAO0001000749,Cattle,,,,,,,,,,
LAO0001000750,Cattle,,,,,,,,,,
LAO0001000751,Cattle,,,,,,,,,,
LAO0001000752,Cattle,,,,,,,,,,
LAO0001000753,Cattle,,,,,,,,,,
LAO0001000754,Cattle,,,,,,,,,,
LAO0001000755,Cattle,,,,,,,,,,
LAO0001000756,Cattle,,,,,,,,,,
LAO0001000757,Cattle,,,,,,,,,,
LAO0001000758,Cattle,,,,,,,,,,
LAO0001000759,Cattle,,,,,,,,,,
LAO0001000760,Cattle,,,,,,,,,,
LAO0001000761,Cattle,,,,,,,,,,
LAO0001000762,Cattle,,,,,,,,,,
LAO0001000763,Cattle,,,,,,,,,,
LAO0001000764,Cattle,,,,,,,,,,
LAO0001000765,Cattle,,,,,,,,,,
LAO0001000766,Cattle,,,,,,,,,,
LAO0001000767,Cattle,,,,,,,,,,
LAO0001000768,Cattle,,,,,,,,,,
LAO0001000769,Cattle,,,,,,,,,,
LAO0001000770,Cattle,,,,,,,,,,
LAO0001000771,Cattle,,,,,,,,,,
LAO0001000772,Cattle,,,,,,,,,,
LAO0001000773,Cattle,,,,,,,,,,
LAO0001000774,Cattle,,,,,,,,,,
LAO0001000775,Cattle,,,,,,,,,,
LAO0001000776,Cattle,,,,,,,,,,
LAO0001000777,Cattle,,,,,,,,,,
LAO0001000778,Cattle,,,,,,,,,,
LAO0001000779,Cattle,,,,,,,,,,
LAO0001000780,Cattle,,,,,,,,,,
LAO0001000781,Cattle,,,,,,,,,,
LAO0001000782,Cattle,,,,,,,,,,
LAO0001000783,Cattle,,,,,,,,,,
LAO0001000784,Cattle,,,,,,,,,,
LAO0001000785,Cattle,,,,,,,,,,
LAO0001000786,Cattle,,,,,,,,,,
LAO0001000787,Cattle,,,,,,,,,,
LAO0001000788,Cattle,,,,,,,,,,
LAO0001000789,Cattle,,,,,,,,,,
LAO0001000790,Cattle,,,,,,,,,,
LAO0001000791,Cattle,,,,,,,,,,
LAO0001000792,Cattle,,,,,,,,,,
LAO0001000793,Cattle,,,,,,,,,,
LAO0001000794,Cattle,,,,,,,,,,
LAO0001000795,Cattle,,,,,,,,,,
LAO0001000796,Cattle,,,,,,,,,,
LAO0001000797,Cattle,,,,,,,,,,
LAO0001000798,Cattle,,,,,,,,,,
LAO0001000799,Cattle,,,,,,,,,,
LAO0001000800,Cattle,,,,,,,,,,
LAO0001000801,Cattle,,,,,,,,,,
LAO0001000802,Cattle,,,,,,,,,,
LAO0001000803,Cattle,,,,,,,,,,
LAO0001000804,Cattle,,,,,,,,,,
LAO0001000805,Cattle,,,,,,,,,,
LAO0001000806,Cattle,,,,,,,,,,
LAO0001000807,Cattle,,,,,,,,,,
LAO0001000808,Cattle,,,,,,,,,,
LAO0001000809,Cattle,,,,,,,,,,
LAO0001000810,Cattle,,,,,,,,,,
LAO0001000811,Cattle,,,,,,,,,,
LAO0001000812,Cattle,,,,,,,,,,
LAO0001000813,Cattle,,,,,,,,,,
LAO0001000814,Cattle,,,,,,,,,,
LAO0001000815,Cattle,,,,,,,,,,
LAO0001000816,Cattle,,,,,,,,,,
LAO0001000817,Cattle,,,,,,,,,,
LAO0001000818,Cattle,,,,,,,,,,
LAO0001000819,Cattle,,,,,,,,,,
LAO0001000820,Cattle,,,,,,,,,,
LAO0001000821,Cattle,,,,,,,,,,
LAO0001000822,Cattle,,,,,,,,,,
LAO0001000823,Cattle,,,,,,,,,,
LAO0001000824,Cattle,,,,,,,,,,
LAO0001000825,Cattle,,,,,,,,,,
LAO0001000826,Cattle,,,,,,,,,,
LAO0001000827,Cattle,,,,,,,,,,
LAO0001000828,Cattle,,,,,,,,,,
LAO0001000829,Cattle,,,,,,,,,,
LAO0001000830,Cattle,,,,,,,,,,
LAO0001000831,Cattle,,,,,,,,,,
LAO0001000832,Cattle,,,,,,,,,,
LAO0001000833,Cattle,,,,,,,,,,
LAO0001000834,Cattle,,,,,,,,,,
LAO0001000835,Cattle,,,,,,,,,,
LAO0001000836,Cattle,,,,,,,,,,
LAO0001000837,Cattle,,,,,,,,,,
LAO0001000838,Cattle,,,,,,,,,,
LAO0001000839,Cattle,,,,,,,,,,
LAO0001000840,Cattle,,,,,,,,,,
LAO0001000841,Cattle,,,,,,,,,,
LAO0001000842,Cattle,,,,,,,,,,
LAO0001000843,Cattle,,,,,,,,,,
LAO0001000844,Cattle,,,,,,,,,,
LAO0001000845,Cattle,,,,,,,,,,
LAO0001000846,Cattle,,,,,,,,,,
LAO0001000847,Cattle,,,,,,,,,,
LAO0001000848,Cattle,,,,,,,,,,
LAO0001000849,Cattle,,,,,,,,,,
LAO0001000850,Cattle,,,,,,,,,,
LAO0001000851,Cattle,,,,,,,,,,
LAO0001000852,Cattle,,,,,,,,,,
LAO0001000853,Cattle,,,,,,,,,,
LAO0001000854,Cattle,,,,,,,,,,
LAO0001000855,Cattle,,,,,,,,,,
LAO0001000856,Cattle,,,,,,,,,,
LAO0001000857,Cattle,,,,,,,,,,
LAO0001000858,Cattle,,,,,,,,,,
LAO0001000859,Cattle,,,,,,,,,,
LAO0001000860,Cattle,,,,,,,,,,
LAO0001000861,Cattle,,,,,,,,,,
LAO0001000862,Cattle,,,,,,,,,,
LAO0001000863,Cattle,,,,,,,,,,
LAO0001000864,Cattle,,,,,,,,,,
LAO0001000865,Cattle,,,,,,,,,,
LAO0001000866,Cattle,,,,,,,,,,
LAO0001000867,Cattle,,,,,,,,,,
LAO0001000868,Cattle,,,,,,,,,,
LAO0001000869,Cattle,,,,,,,,,,
LAO0001000870,Cattle,,,,,,,,,,
LAO0001000871,Cattle,,,,,,,,,,
LAO0001000872,Cattle,,,,,,,,,,
LAO0001000873,Cattle,,,,,,,,,,
LAO0001000874,Cattle,,,,,,,,,,
LAO0001000875,Cattle,,,,,,,,,,
LAO0001000876,Cattle,,,,,,,,,,
LAO0001000877,Cattle,,,,,,,,,,
LAO0001000878,Cattle,,,,,,,,,,
LAO0001000879,Cattle,,,,,,,,,,
LAO0001000880,Cattle,,,,,,,,,,
LAO0001000881,Cattle,,,,,,,,,,
LAO0001000882,Cattle,,,,,,,,,,
LAO0001000883,Cattle,,,,,,,,,,
LAO0001000884,Cattle,,,,,,,,,,
LAO0001000885,Cattle,,,,,,,,,,
LAO0001000886,Cattle,,,,,,,,,,
LAO0001000887,Cattle,,,,,,,,,,
LAO0001000888,Cattle,,,,,,,,,,
LAO0001000889,Cattle,,,,,,,,,,
LAO0001000890,Cattle,,,,,,,,,,
LAO0001000891,Cattle,,,,,,,,,,
LAO0001000892,Cattle,,,,,,,,,,
LAO0001000893,Cattle,,,,,,,,,,
LAO0001000894,Cattle,,,,,,,,,,
LAO0001000895,Cattle,,,,,,,,,,
LAO0001000896,Cattle,,,,,,,,,,
LAO0001000897,Cattle,,,,,,,,,,
LAO0001000898,Cattle,,,,,,,,,,
LAO0001000899,Cattle,,,,,,,,,,
LAO0001000900,Cattle,,,,,,,,,,
LAO0001000901,Cattle,,,,,,,,,,
LAO0001000902,Cattle,,,,,,,,,,
LAO0001000903,Cattle,,,,,,,,,,
LAO0001000904,Cattle,,,,,,,,,,
LAO0001000905,Cattle,,,,,,,,,,
LAO0001000906,Cattle,,,,,,,,,,
LAO0001000907,Cattle,,,,,,,,,,
LAO0001000908,Cattle,,,,,,,,,,
LAO0001000909,Cattle,,,,,,,,,,
LAO0001000910,Cattle,,,,,,,,,,
LAO0001000911,Cattle,,,,,,,,,,
LAO0001000912,Cattle,,,,,,,,,,
LAO0001000913,Cattle,,,,,,,,,,
LAO0001000914,Cattle,,,,,,,,,,
LAO0001000915,Cattle,,,,,,,,,,
LAO0001000916,Cattle,,,,,,,,,,
LAO0001000917,Cattle,,,,,,,,,,
LAO0001000918,Cattle,,,,,,,,,,
LAO0001000919,Cattle,,,,,,,,,,
LAO0001000920,Cattle,,,,,,,,,,
LAO0001000921,Cattle,,,,,,,,,,
LAO0001000922,Cattle,,,,,,,,,,
LAO0001000923,Cattle,,,,,,,,,,
LAO0001000924,Cattle,,,,,,,,,,
LAO0001000925,Cattle,,,,,,,,,,
LAO0001000926,Cattle,,,,,,,,,,
LAO0001000927,Cattle,,,,,,,,,,
LAO0001000928,Cattle,,,,,,,,,,
LAO0001000929,Cattle,,,,,,,,,,
LAO0001000930,Cattle,,,,,,,,,,
LAO0001000931,Cattle,,,,,,,,,,
LAO0001000932,Cattle,,,,,,,,,,
LAO0001000933,Cattle,,,,,,,,,,
LAO0001000934,Cattle,,,,,,,,,,
LAO0001000935,Cattle,,,,,,,,,,
LAO0001000936,Cattle,,,,,,,,,,
LAO0001000937,Cattle,,,,,,,,,,
LAO0001000938,Cattle,,,,,,,,,,
LAO0001000939,Cattle,,,,,,,,,,
LAO0001000940,Cattle,,,,,,,,,,
LAO0001000941,Cattle,,,,,,,,,,
LAO0001000942,Cattle,,,,,,,,,,
LAO0001000943,Cattle,,,,,,,,,,
LAO0001000944,Cattle,,,,,,,,,,
LAO0001000945,Cattle,,,,,,,,,,
LAO0001000946,Cattle,,,,,,,,,,
LAO0001000947,Cattle,,,,,,,,,,
LAO0001000948,Cattle,,,,,,,,,,
LAO0001000949,Cattle,,,,,,,,,,
LAO0001000950,Cattle,,,,,,,,,,
LAO0001000951,Cattle,,,,,,,,,,
LAO0001000952,Cattle,,,,,,,,,,
LAO0001000953,Cattle,,,,,,,,,,
LAO0001000954,Cattle,,,,,,,,,,
LAO0001000955,Cattle,,,,,,,,,,
LAO0001000956,Cattle,,,,,,,,,,
LAO0001000957,Cattle,,,,,,,,,,
LAO0001000958,Cattle,,,,,,,,,,
LAO0001000959,Cattle,,,,,,,,,,
LAO0001000960,Cattle,,,,,,,,,,
LAO0001000961,Cattle,,,,,,,,,,
LAO0001000962,Cattle,,,,,,,,,,
LAO0001000963,Cattle,,,,,,,,,,
LAO0001000964,Cattle,,,,,,,,,,
LAO0001000965,Cattle,,,,,,,,,,
LAO0001000966,Cattle,,,,,,,,,,
LAO0001000967,Cattle,,,,,,,,,,
LAO0001000968,Cattle,,,,,,,,,,
LAO0001000969,Cattle,,,,,,,,,,
LAO0001000970,Cattle,,,,,,,,,,
LAO0001000971,Cattle,,,,,,,,,,
LAO0001000972,Cattle,,,,,,,,,,
LAO0001000973,Cattle,,,,,,,,,,
LAO0001000974,Cattle,,,,,,,,,,
LAO0001000975,Cattle,,,,,,,,,,
LAO0001000976,Cattle,,,,,,,,,,
LAO0001000977,Cattle,,,,,,,,,,
LAO0001000978,Cattle,,,,,,,,,,
LAO0001000979,Cattle,,,,,,,,,,
LAO0001000980,Cattle,,,,,,,,,,
LAO0001000981,Cattle,,,,,,,,,,
LAO0001000982,Cattle,,,,,,,,,,
LAO0001000983,Cattle,,,,,,,,,,
LAO0001000984,Cattle,,,,,,,,,,
LAO0001000985,Cattle,,,,,,,,,,
LAO0001000986,Cattle,,,,,,,,,,
LAO0001000987,Cattle,,,,,,,,,,
LAO0001000988,Cattle,,,,,,,,,,
LAO0001000989,Cattle,,,,,,,,,,
LAO0001000990,Cattle,,,,,,,,,,
LAO0001000991,Cattle,,,,,,,,,,
LAO0001000992,Cattle,,,,,,,,,,
LAO0001000993,Cattle,,,,,,,,,,
LAO0001000994,Cattle,,,,,,,,,,
LAO0001000995,Cattle,,,,,,,,,,
LAO0001000996,Cattle,,,,,,,,,,
LAO0001000997,Cattle,,,,,,,,,,
LAO0001000998,Cattle,,,,,,,,,,
LAO0001000999,Cattle,,,,,,,,,,
MMR0001000001,Cattle,,,,,,,,,,
MMR0001000002,Cattle,,,,,,,,,,
MMR0001000003,Cattle,,,,,,,,,,
MMR0001000004,Cattle,,,,,,,,,,
MMR0001000005,Cattle,,,,,,,,,,
MMR0001000006,Cattle,,,,,,,,,,
MMR0001000007,Cattle,,,,,,,,,,
MMR0001000008,Cattle,,,,,,,,,,
MMR0001000009,Cattle,,,,,,,,,,
MMR0001000010,Cattle,,,,,,,,,,
MMR0001000011,Cattle,,,,,,,,,,
MMR0001000012,Cattle,,,,,,,,,,
MMR0001000013,Cattle,,,,,,,,,,
MMR0001000014,Cattle,,,,,,,,,,
MMR0001000015,Cattle,,,,,,,,,,
MMR0001000016,Cattle,,,,,,,,,,
MMR0001000017,Cattle,,,,,,,,,,
MMR0001000018,Cattle,,,,,,,,,,
MMR0001000019,Cattle,,,,,,,,,,
MMR0001000020,Cattle,,,,,,,,,,
MMR0001000021,Cattle,,,,,,,,,,
MMR0001000022,Cattle,,,,,,,,,,
MMR0001000023,Cattle,,,,,,,,,,
MMR0001000024,Cattle,,,,,,,,,,
MMR0001000025,Cattle,,,,,,,,,,
MMR0001000026,Cattle,,,,,,,,,,
MMR0001000027,Cattle,,,,,,,,,,
MMR0001000028,Cattle,,,,,,,,,,
MMR0001000029,Cattle,,,,,,,,,,
MMR0001000030,Cattle,,,,,,,,,,
MMR0001000031,Cattle,,,,,,,,,,
MMR0001000032,Cattle,,,,,,,,,,
MMR0001000033,Cattle,,,,,,,,,,
MMR0001000034,Cattle,,,,,,,,,,
MMR0001000035,Cattle,,,,,,,,,,
MMR0001000036,Cattle,,,,,,,,,,
MMR0001000037,Cattle,,,,,,,,,,
MMR0001000038,Cattle,,,,,,,,,,
MMR0001000039,Cattle,,,,,,,,,,
MMR0001000040,Cattle,,,,,,,,,,
MMR0001000041,Cattle,,,,,,,,,,
MMR0001000042,Cattle,,,,,,,,,,
MMR0001000043,Cattle,,,,,,,,,,
MMR0001000044,Cattle,,,,,,,,,,
MMR0001000045,Cattle,,,,,,,,,,
MMR0001000046,Cattle,,,,,,,,,,
MMR0001000047,Cattle,,,,,,,,,,
MMR0001000048,Cattle,,,,,,,,,,
MMR0001000049,Cattle,,,,,,,,,,
MMR0001000050,Cattle,,,,,,,,,,
MMR0001000051,Cattle,,,,,,,,,,
MMR0001000052,Cattle,,,,,,,,,,
MMR0001000053,Cattle,,,,,,,,,,
MMR0001000054,Cattle,,,,,,,,,,
MMR0001000055,Cattle,,,,,,,,,,
MMR0001000056,Cattle,,,,,,,,,,
MMR0001000057,Cattle,,,,,,,,,,
MMR0001000058,Cattle,,,,,,,,,,
MMR0001000059,Cattle,,,,,,,,,,
MMR0001000060,Cattle,,,,,,,,,,
MMR0001000061,Cattle,,,,,,,,,,
MMR0001000062,Cattle,,,,,,,,,,
MMR0001000063,Cattle,,,,,,,,,,
MMR0001000064,Cattle,,,,,,,,,,
MMR0001000065,Cattle,,,,,,,,,,
MMR0001000066,Cattle,,,,,,,,,,
MMR0001000067,Cattle,,,,,,,,,,
MMR0001000068,Cattle,,,,,,,,,,
MMR0001000069,Cattle,,,,,,,,,,
MMR0001000070,Cattle,,,,,,,,,,
MMR0001000071,Cattle,,,,,,,,,,
MMR0001000072,Cattle,,,,,,,,,,
MMR0001000073,Cattle,,,,,,,,,,
MMR0001000074,Cattle,,,,,,,,,,
MMR0001000075,Cattle,,,,,,,,,,
MMR0001000076,Cattle,,,,,,,,,,
MMR0001000077,Cattle,,,,,,,,,,
MMR0001000078,Cattle,,,,,,,,,,
MMR0001000079,Cattle,,,,,,,,,,
MMR0001000080,Cattle,,,,,,,,,,
MMR0001000081,Cattle,,,,,,,,,,
MMR0001000082,Cattle,,,,,,,,,,
MMR0001000083,Cattle,,,,,,,,,,
MMR0001000084,Cattle,,,,,,,,,,
MMR0001000085,Cattle,,,,,,,,,,
MMR0001000086,Cattle,,,,,,,,,,
MMR0001000087,Cattle,,,,,,,,,,
MMR0001000088,Cattle,,,,,,,,,,
MMR0001000089,Cattle,,,,,,,,,,
MMR0001000090,Cattle,,,,,,,,,,
MMR0001000091,Cattle,,,,,,,,,,
MMR0001000092,Cattle,,,,,,,,,,
MMR0001000093,Cattle,,,,,,,,,,
MMR0001000094,Cattle,,,,,,,,,,
MMR0001000095,Cattle,,,,,,,,,,
MMR0001000096,Cattle,,,,,,,,,,
MMR0001000097,Cattle,,,,,,,,,,
MMR0001000098,Cattle,,,,,,,,,,
MMR0001000099,Cattle,,,,,,,,,,
MMR0001000100,Cattle,,,,,,,,,,
MMR0001000101,Cattle,,,,,,,,,,
MMR0001000102,Cattle,,,,,,,,,,
MMR0001000103,Cattle,,,,,,,,,,
MMR0001000104,Cattle,,,,,,,,,,
MMR0001000105,Cattle,,,,,,,,,,
MMR0001000106,Cattle,,,,,,,,,,
MMR0001000107,Cattle,,,,,,,,,,
MMR0001000108,Cattle,,,,,,,,,,
MMR0001000109,Cattle,,,,,,,,,,
MMR0001000110,Cattle,,,,,,,,,,
MMR0001000111,Cattle,,,,,,,,,,
MMR0001000112,Cattle,,,,,,,,,,
MMR0001000113,Cattle,,,,,,,,,,
MMR0001000114,Cattle,,,,,,,,,,
MMR0001000115,Cattle,,,,,,,,,,
MMR0001000116,Cattle,,,,,,,,,,
MMR0001000117,Cattle,,,,,,,,,,
MMR0001000118,Cattle,,,,,,,,,,
MMR0001000119,Cattle,,,,,,,,,,
MMR0001000120,Cattle,,,,,,,,,,
MMR0001000121,Cattle,,,,,,,,,,
MMR0001000122,Cattle,,,,,,,,,,
MMR0001000123,Cattle,,,,,,,,,,
MMR0001000124,Cattle,,,,,,,,,,
MMR0001000125,Cattle,,,,,,,,,,
MMR0001000126,Cattle,,,,,,,,,,
MMR0001000127,Cattle,,,,,,,,,,
MMR0001000128,Cattle,,,,,,,,,,
MMR0001000129,Cattle,,,,,,,,,,
MMR0001000130,Cattle,,,,,,,,,,
MMR0001000131,Cattle,,,,,,,,,,
MMR0001000132,Cattle,,,,,,,,,,
MMR0001000133,Cattle,,,,,,,,,,
MMR0001000134,Cattle,,,,,,,,,,
MMR0001000135,Cattle,,,,,,,,,,
MMR0001000136,Cattle,,,,,,,,,,
MMR0001000137,Cattle,,,,,,,,,,
MMR0001000138,Cattle,,,,,,,,,,
MMR0001000139,Cattle,,,,,,,,,,
MMR0001000140,Cattle,,,,,,,,,,
MMR0001000141,Cattle,,,,,,,,,,
MMR0001000142,Cattle,,,,,,,,,,
MMR0001000143,Cattle,,,,,,,,,,
MMR0001000144,Cattle,,,,,,,,,,
MMR0001000145,Cattle,,,,,,,,,,
MMR0001000146,Cattle,,,,,,,,,,
MMR0001000147,Cattle,,,,,,,,,,
MMR0001000148,Cattle,,,,,,,,,,
MMR0001000149,Cattle,,,,,,,,,,
MMR0001000150,Cattle,,,,,,,,,,
MMR0001000151,Cattle,,,,,,,,,,
MMR0001000152,Cattle,,,,,,,,,,
MMR0001000153,Cattle,,,,,,,,,,
MMR0001000154,Cattle,,,,,,,,,,
MMR0001000155,Cattle,,,,,,,,,,
MMR0001000156,Cattle,,,,,,,,,,
MMR0001000157,Cattle,,,,,,,,,,
MMR0001000158,Cattle,,,,,,,,,,
MMR0001000159,Cattle,,,,,,,,,,
MMR0001000160,Cattle,,,,,,,,,,
MMR0001000161,Cattle,,,,,,,,,,
MMR0001000162,Cattle,,,,,,,,,,
MMR0001000163,Cattle,,,,,,,,,,
MMR0001000164,Cattle,,,,,,,,,,
MMR0001000165,Cattle,,,,,,,,,,
MMR0001000166,Cattle,,,,,,,,,,
MMR0001000167,Cattle,,,,,,,,,,
MMR0001000168,Cattle,,,,,,,,,,
MMR0001000169,Cattle,,,,,,,,,,
MMR0001000170,Cattle,,,,,,,,,,
MMR0001000171,Cattle,,,,,,,,,,
MMR0001000172,Cattle,,,,,,,,,,
MMR0001000173,Cattle,,,,,,,,,,
MMR0001000174,Cattle,,,,,,,,,,
MMR0001000175,Cattle,,,,,,,,,,
MMR0001000176,Cattle,,,,,,,,,,
MMR0001000177,Cattle,,,,,,,,,,
MMR0001000178,Cattle,,,,,,,,,,
MMR0001000179,Cattle,,,,,,,,,,
MMR0001000180,Cattle,,,,,,,,,,
MMR0001000181,Cattle,,,,,,,,,,
MMR0001000182,Cattle,,,,,,,,,,
MMR0001000183,Cattle,,,,,,,,,,
MMR0001000184,Cattle,,,,,,,,,,
MMR0001000185,Cattle,,,,,,,,,,
MMR0001000186,Cattle,,,,,,,,,,
MMR0001000187,Cattle,,,,,,,,,,
MMR0001000188,Cattle,,,,,,,,,,
MMR0001000189,Cattle,,,,,,,,,,
MMR0001000190,Cattle,,,,,,,,,,
MMR0001000191,Cattle,,,,,,,,,,
MMR0001000192,Cattle,,,,,,,,,,
MMR0001000193,Cattle,,,,,,,,,,
MMR0001000194,Cattle,,,,,,,,,,
MMR0001000195,Cattle,,,,,,,,,,
MMR0001000196,Cattle,,,,,,,,,,
MMR0001000197,Cattle,,,,,,,,,,
MMR0001000198,Cattle,,,,,,,,,,
MMR0001000199,Cattle,,,,,,,,,,
MMR0001000200,Cattle,,,,,,,,,,
MMR0001000201,Cattle,,,,,,,,,,
MMR0001000202,Cattle,,,,,,,,,,
MMR0001000203,Cattle,,,,,,,,,,
MMR0001000204,Cattle,,,,,,,,,,
MMR0001000205,Cattle,,,,,,,,,,
MMR0001000206,Cattle,,,,,,,,,,
MMR0001000207,Cattle,,,,,,,,,,
MMR0001000208,Cattle,,,,,,,,,,
MMR0001000209,Cattle,,,,,,,,,,
MMR0001000210,Cattle,,,,,,,,,,
MMR0001000211,Cattle,,,,,,,,,,
MMR0001000212,Cattle,,,,,,,,,,
MMR0001000213,Cattle,,,,,,,,,,
MMR0001000214,Cattle,,,,,,,,,,
MMR0001000215,Cattle,,,,,,,,,,
MMR0001000216,Cattle,,,,,,,,,,
MMR0001000217,Cattle,,,,,,,,,,
MMR0001000218,Cattle,,,,,,,,,,
MMR0001000219,Cattle,,,,,,,,,,
MMR0001000220,Cattle,,,,,,,,,,
MMR0001000221,Cattle,,,,,,,,,,
MMR0001000222,Cattle,,,,,,,,,,
MMR0001000223,Cattle,,,,,,,,,,
MMR0001000224,Cattle,,,,,,,,,,
MMR0001000225,Cattle,,,,,,,,,,
MMR0001000226,Cattle,,,,,,,,,,
MMR0001000227,Cattle,,,,,,,,,,
MMR0001000228,Cattle,,,,,,,,,,
MMR0001000229,Cattle,,,,,,,,,,
MMR0001000230,Cattle,,,,,,,,,,
MMR0001000231,Cattle,,,,,,,,,,
MMR0001000232,Cattle,,,,,,,,,,
MMR0001000233,Cattle,,,,,,,,,,
MMR0001000234,Cattle,,,,,,,,,,
MMR0001000235,Cattle,,,,,,,,,,
MMR0001000236,Cattle,,,,,,,,,,
MMR0001000237,Cattle,,,,,,,,,,
MMR0001000238,Cattle,,,,,,,,,,
MMR0001000239,Cattle,,,,,,,,,,
MMR0001000240,Cattle,,,,,,,,,,
MMR0001000241,Cattle,,,,,,,,,,
MMR0001000242,Cattle,,,,,,,,,,
MMR0001000243,Cattle,,,,,,,,,,
MMR0001000244,Cattle,,,,,,,,,,
MMR0001000245,Cattle,,,,,,,,,,
MMR0001000246,Cattle,,,,,,,,,,
MMR0001000247,Cattle,,,,,,,,,,
MMR0001000248,Cattle,,,,,,,,,,
MMR0001000249,Cattle,,,,,,,,,,
MMR0001000250,Cattle,,,,,,,,,,
MMR0001000251,Cattle,,,,,,,,,,
MMR0001000252,Cattle,,,,,,,,,,
MMR0001000253,Cattle,,,,,,,,,,
MMR0001000254,Cattle,,,,,,,,,,
MMR0001000255,Cattle,,,,,,,,,,
MMR0001000256,Cattle,,,,,,,,,,
MMR0001000257,Cattle,,,,,,,,,,
MMR0001000258,Cattle,,,,,,,,,,
MMR0001000259,Cattle,,,,,,,,,,
MMR0001000260,Cattle,,,,,,,,,,
MMR0001000261,Cattle,,,,,,,,,,
MMR0001000262,Cattle,,,,,,,,,,
MMR0001000263,Cattle,,,,,,,,,,
MMR0001000264,Cattle,,,,,,,,,,
MMR0001000265,Cattle,,,,,,,,,,
MMR0001000266,Cattle,,,,,,,,,,
MMR0001000267,Cattle,,,,,,,,,,
MMR0001000268,Cattle,,,,,,,,,,
MMR0001000269,Cattle,,,,,,,,,,
MMR0001000270,Cattle,,,,,,,,,,
MMR0001000271,Cattle,,,,,,,,,,
MMR0001000272,Cattle,,,,,,,,,,
MMR0001000273,Cattle,,,,,,,,,,
MMR0001000274,Cattle,,,,,,,,,,
MMR0001000275,Cattle,,,,,,,,,,
MMR0001000276,Cattle,,,,,,,,,,
MMR0001000277,Cattle,,,,,,,,,,
MMR0001000278,Cattle,,,,,,,,,,
MMR0001000279,Cattle,,,,,,,,,,
MMR0001000280,Cattle,,,,,,,,,,
MMR0001000281,Cattle,,,,,,,,,,
MMR0001000282,Cattle,,,,,,,,,,
MMR0001000283,Cattle,,,,,,,,,,
MMR0001000284,Cattle,,,,,,,,,,
MMR0001000285,Cattle,,,,,,,,,,
MMR0001000286,Cattle,,,,,,,,,,
MMR0001000287,Cattle,,,,,,,,,,
MMR0001000288,Cattle,,,,,,,,,,
MMR0001000289,Cattle,,,,,,,,,,
MMR0001000290,Cattle,,,,,,,,,,
MMR0001000291,Cattle,,,,,,,,,,
MMR0001000292,Cattle,,,,,,,,,,
MMR0001000293,Cattle,,,,,,,,,,
MMR0001000294,Cattle,,,,,,,,,,
MMR0001000295,Cattle,,,,,,,,,,
MMR0001000296,Cattle,,,,,,,,,,
MMR0001000297,Cattle,,,,,,,,,,
MMR0001000298,Cattle,,,,,,,,,,
MMR0001000299,Cattle,,,,,,,,,,
MMR0001000300,Cattle,,,,,,,,,,
MMR0001000301,Cattle,,,,,,,,,,
MMR0001000302,Cattle,,,,,,,,,,
MMR0001000303,Cattle,,,,,,,,,,
MMR0001000304,Cattle,,,,,,,,,,
MMR0001000305,Cattle,,,,,,,,,,
MMR0001000306,Cattle,,,,,,,,,,
MMR0001000307,Cattle,,,,,,,,,,
MMR0001000308,Cattle,,,,,,,,,,
MMR0001000309,Cattle,,,,,,,,,,
MMR0001000310,Cattle,,,,,,,,,,
MMR0001000311,Cattle,,,,,,,,,,
MMR0001000312,Cattle,,,,,,,,,,
MMR0001000313,Cattle,,,,,,,,,,
MMR0001000314,Cattle,,,,,,,,,,
MMR0001000315,Cattle,,,,,,,,,,
MMR0001000316,Cattle,,,,,,,,,,
MMR0001000317,Cattle,,,,,,,,,,
MMR0001000318,Cattle,,,,,,,,,,
MMR0001000319,Cattle,,,,,,,,,,
MMR0001000320,Cattle,,,,,,,,,,
MMR0001000321,Cattle,,,,,,,,,,
MMR0001000322,Cattle,,,,,,,,,,
MMR0001000323,Cattle,,,,,,,,,,
MMR0001000324,Cattle,,,,,,,,,,
MMR0001000325,Cattle,,,,,,,,,,
MMR0001000326,Cattle,,,,,,,,,,
MMR0001000327,Cattle,,,,,,,,,,
MMR0001000328,Cattle,,,,,,,,,,
MMR0001000329,Cattle,,,,,,,,,,
MMR0001000330,Cattle,,,,,,,,,,
MMR0001000331,Cattle,,,,,,,,,,
MMR0001000332,Cattle,,,,,,,,,,
MMR0001000333,Cattle,,,,,,,,,,
MMR0001000334,Cattle,,,,,,,,,,
MMR0001000335,Cattle,,,,,,,,,,
MMR0001000336,Cattle,,,,,,,,,,
MMR0001000337,Cattle,,,,,,,,,,
MMR0001000338,Cattle,,,,,,,,,,
MMR0001000339,Cattle,,,,,,,,,,
MMR0001000340,Cattle,,,,,,,,,,
MMR0001000341,Cattle,,,,,,,,,,
MMR0001000342,Cattle,,,,,,,,,,
MMR0001000343,Cattle,,,,,,,,,,
MMR0001000344,Cattle,,,,,,,,,,
MMR0001000345,Cattle,,,,,,,,,,
MMR0001000346,Cattle,,,,,,,,,,
MMR0001000347,Cattle,,,,,,,,,,
MMR0001000348,Cattle,,,,,,,,,,
MMR0001000349,Cattle,,,,,,,,,,
MMR0001000350,Cattle,,,,,,,,,,
MMR0001000351,Cattle,,,,,,,,,,
MMR0001000352,Cattle,,,,,,,,,,
MMR0001000353,Cattle,,,,,,,,,,
MMR0001000354,Cattle,,,,,,,,,,
MMR0001000355,Cattle,,,,,,,,,,
MMR0001000356,Cattle,,,,,,,,,,
MMR0001000357,Cattle,,,,,,,,,,
MMR0001000358,Cattle,,,,,,,,,,
MMR0001000359,Cattle,,,,,,,,,,
MMR0001000360,Cattle,,,,,,,,,,
MMR0001000361,Cattle,,,,,,,,,,
MMR0001000362,Cattle,,,,,,,,,,
MMR0001000363,Cattle,,,,,,,,,,
MMR0001000364,Cattle,,,,,,,,,,
MMR0001000365,Cattle,,,,,,,,,,
MMR0001000366,Cattle,,,,,,,,,,
MMR0001000367,Cattle,,,,,,,,,,
MMR0001000368,Cattle,,,,,,,,,,
MMR0001000369,Cattle,,,,,,,,,,
MMR0001000370,Cattle,,,,,,,,,,
MMR0001000371,Cattle,,,,,,,,,,
MMR0001000372,Cattle,,,,,,,,,,
MMR0001000373,Cattle,,,,,,,,,,
MMR0001000374,Cattle,,,,,,,,,,
MMR0001000375,Cattle,,,,,,,,,,
MMR0001000376,Cattle,,,,,,,,,,
MMR0001000377,Cattle,,,,,,,,,,
MMR0001000378,Cattle,,,,,,,,,,
MMR0001000379,Cattle,,,,,,,,,,
MMR0001000380,Cattle,,,,,,,,,,
MMR0001000381,Cattle,,,,,,,,,,
MMR0001000382,Cattle,,,,,,,,,,
MMR0001000383,Cattle,,,,,,,,,,
MMR0001000384,Cattle,,,,,,,,,,
MMR0001000385,Cattle,,,,,,,,,,
MMR0001000386,Cattle,,,,,,,,,,
MMR0001000387,Cattle,,,,,,,,,,
MMR0001000388,Cattle,,,,,,,,,,
MMR0001000389,Cattle,,,,,,,,,,
MMR0001000390,Cattle,,,,,,,,,,
MMR0001000391,Cattle,,,,,,,,,,
MMR0001000392,Cattle,,,,,,,,,,
MMR0001000393,Cattle,,,,,,,,,,
MMR0001000394,Cattle,,,,,,,,,,
MMR0001000395,Cattle,,,,,,,,,,
MMR0001000396,Cattle,,,,,,,,,,
MMR0001000397,Cattle,,,,,,,,,,
MMR0001000398,Cattle,,,,,,,,,,
MMR0001000399,Cattle,,,,,,,,,,
MMR0001000400,Cattle,,,,,,,,,,
MMR0001000401,Cattle,,,,,,,,,,
MMR0001000402,Cattle,,,,,,,,,,
MMR0001000403,Cattle,,,,,,,,,,
MMR0001000404,Cattle,,,,,,,,,,
MMR0001000405,Cattle,,,,,,,,,,
MMR0001000406,Cattle,,,,,,,,,,
MMR0001000407,Cattle,,,,,,,,,,
MMR0001000408,Cattle,,,,,,,,,,
MMR0001000409,Cattle,,,,,,,,,,
MMR0001000410,Cattle,,,,,,,,,,
MMR0001000411,Cattle,,,,,,,,,,
MMR0001000412,Cattle,,,,,,,,,,
MMR0001000413,Cattle,,,,,,,,,,
MMR0001000414,Cattle,,,,,,,,,,
MMR0001000415,Cattle,,,,,,,,,,
MMR0001000416,Cattle,,,,,,,,,,
MMR0001000417,Cattle,,,,,,,,,,
MMR0001000418,Cattle,,,,,,,,,,
MMR0001000419,Cattle,,,,,,,,,,
MMR0001000420,Cattle,,,,,,,,,,
MMR0001000421,Cattle,,,,,,,,,,
MMR0001000422,Cattle,,,,,,,,,,
MMR0001000423,Cattle,,,,,,,,,,
MMR0001000424,Cattle,,,,,,,,,,
MMR0001000425,Cattle,,,,,,,,,,
MMR0001000426,Cattle,,,,,,,,,,
MMR0001000427,Cattle,,,,,,,,,,
MMR0001000428,Cattle,,,,,,,,,,
MMR0001000429,Cattle,,,,,,,,,,
MMR0001000430,Cattle,,,,,,,,,,
MMR0001000431,Cattle,,,,,,,,,,
MMR0001000432,Cattle,,,,,,,,,,
MMR0001000433,Cattle,,,,,,,,,,
MMR0001000434,Cattle,,,,,,,,,,
MMR0001000435,Cattle,,,,,,,,,,
MMR0001000436,Cattle,,,,,,,,,,
MMR0001000437,Cattle,,,,,,,,,,
MMR0001000438,Cattle,,,,,,,,,,
MMR0001000439,Cattle,,,,,,,,,,
MMR0001000440,Cattle,,,,,,,,,,
MMR0001000441,Cattle,,,,,,,,,,
MMR0001000442,Cattle,,,,,,,,,,
MMR0001000443,Cattle,,,,,,,,,,
MMR0001000444,Cattle,,,,,,,,,,
MMR0001000445,Cattle,,,,,,,,,,
MMR0001000446,Cattle,,,,,,,,,,
MMR0001000447,Cattle,,,,,,,,,,
MMR0001000448,Cattle,,,,,,,,,,
MMR0001000449,Cattle,,,,,,,,,,
MMR0001000450,Cattle,,,,,,,,,,
MMR0001000451,Cattle,,,,,,,,,,
MMR0001000452,Cattle,,,,,,,,,,
MMR0001000453,Cattle,,,,,,,,,,
MMR0001000454,Cattle,,,,,,,,,,
MMR0001000455,Cattle,,,,,,,,,,
MMR0001000456,Cattle,,,,,,,,,,
MMR0001000457,Cattle,,,,,,,,,,
MMR0001000458,Cattle,,,,,,,,,,
MMR0001000459,Cattle,,,,,,,,,,
MMR0001000460,Cattle,,,,,,,,,,
MMR0001000461,Cattle,,,,,,,,,,
MMR0001000462,Cattle,,,,,,,,,,
MMR0001000463,Cattle,,,,,,,,,,
MMR0001000464,Cattle,,,,,,,,,,
MMR0001000465,Cattle,,,,,,,,,,
MMR0001000466,Cattle,,,,,,,,,,
MMR0001000467,Cattle,,,,,,,,,,
MMR0001000468,Cattle,,,,,,,,,,
MMR0001000469,Cattle,,,,,,,,,,
MMR0001000470,Cattle,,,,,,,,,,
MMR0001000471,Cattle,,,,,,,,,,
MMR0001000472,Cattle,,,,,,,,,,
MMR0001000473,Cattle,,,,,,,,,,
MMR0001000474,Cattle,,,,,,,,,,
MMR0001000475,Cattle,,,,,,,,,,
MMR0001000476,Cattle,,,,,,,,,,
MMR0001000477,Cattle,,,,,,,,,,
MMR0001000478,Cattle,,,,,,,,,,
MMR0001000479,Cattle,,,,,,,,,,
MMR0001000480,Cattle,,,,,,,,,,
MMR0001000481,Cattle,,,,,,,,,,
MMR0001000482,Cattle,,,,,,,,,,
MMR0001000483,Cattle,,,,,,,,,,
MMR0001000484,Cattle,,,,,,,,,,
MMR0001000485,Cattle,,,,,,,,,,
MMR0001000486,Cattle,,,,,,,,,,
MMR0001000487,Cattle,,,,,,,,,,
MMR0001000488,Cattle,,,,,,,,,,
MMR0001000489,Cattle,,,,,,,,,,
MMR0001000490,Cattle,,,,,,,,,,
MMR0001000491,Cattle,,,,,,,,,,
MMR0001000492,Cattle,,,,,,,,,,
MMR0001000493,Cattle,,,,,,,,,,
MMR0001000494,Cattle,,,,,,,,,,
MMR0001000495,Cattle,,,,,,,,,,
MMR0001000496,Cattle,,,,,,,,,,
MMR0001000497,Cattle,,,,,,,,,,
MMR0001000498,Cattle,,,,,,,,,,
MMR0001000499,Cattle,,,,,,,,,,
MMR0001000500,Cattle,,,,,,,,,,
MMR0001000501,Cattle,,,,,,,,,,
MMR0001000502,Cattle,,,,,,,,,,
MMR0001000503,Cattle,,,,,,,,,,
MMR0001000504,Cattle,,,,,,,,,,
MMR0001000505,Cattle,,,,,,,,,,
MMR0001000506,Cattle,,,,,,,,,,
MMR0001000507,Cattle,,,,,,,,,,
MMR0001000508,Cattle,,,,,,,,,,
MMR0001000509,Cattle,,,,,,,,,,
MMR0001000510,Cattle,,,,,,,,,,
MMR0001000511,Cattle,,,,,,,,,,
MMR0001000512,Cattle,,,,,,,,,,
MMR0001000513,Cattle,,,,,,,,,,
MMR0001000514,Cattle,,,,,,,,,,
MMR0001000515,Cattle,,,,,,,,,,
MMR0001000516,Cattle,,,,,,,,,,
MMR0001000517,Cattle,,,,,,,,,,
MMR0001000518,Cattle,,,,,,,,,,
MMR0001000519,Cattle,,,,,,,,,,
MMR0001000520,Cattle,,,,,,,,,,
MMR0001000521,Cattle,,,,,,,,,,
MMR0001000522,Cattle,,,,,,,,,,
MMR0001000523,Cattle,,,,,,,,,,
MMR0001000524,Cattle,,,,,,,,,,
MMR0001000525,Cattle,,,,,,,,,,
MMR0001000526,Cattle,,,,,,,,,,
MMR0001000527,Cattle,,,,,,,,,,
MMR0001000528,Cattle,,,,,,,,,,
MMR0001000529,Cattle,,,,,,,,,,
MMR0001000530,Cattle,,,,,,,,,,
MMR0001000531,Cattle,,,,,,,,,,
MMR0001000532,Cattle,,,,,,,,,,
MMR0001000533,Cattle,,,,,,,,,,
MMR0001000534,Cattle,,,,,,,,,,
MMR0001000535,Cattle,,,,,,,,,,
MMR0001000536,Cattle,,,,,,,,,,
MMR0001000537,Cattle,,,,,,,,,,
MMR0001000538,Cattle,,,,,,,,,,
MMR0001000539,Cattle,,,,,,,,,,
MMR0001000540,Cattle,,,,,,,,,,
MMR0001000541,Cattle,,,,,,,,,,
MMR0001000542,Cattle,,,,,,,,,,
MMR0001000543,Cattle,,,,,,,,,,
MMR0001000544,Cattle,,,,,,,,,,
MMR0001000545,Cattle,,,,,,,,,,
MMR0001000546,Cattle,,,,,,,,,,
MMR0001000547,Cattle,,,,,,,,,,
MMR0001000548,Cattle,,,,,,,,,,
MMR0001000549,Cattle,,,,,,,,,,
MMR0001000550,Cattle,,,,,,,,,,
MMR0001000551,Cattle,,,,,,,,,,
MMR0001000552,Cattle,,,,,,,,,,
MMR0001000553,Cattle,,,,,,,,,,
MMR0001000554,Cattle,,,,,,,,,,
MMR0001000555,Cattle,,,,,,,,,,
MMR0001000556,Cattle,,,,,,,,,,
MMR0001000557,Cattle,,,,,,,,,,
MMR0001000558,Cattle,,,,,,,,,,
MMR0001000559,Cattle,,,,,,,,,,
MMR0001000560,Cattle,,,,,,,,,,
MMR0001000561,Cattle,,,,,,,,,,
MMR0001000562,Cattle,,,,,,,,,,
MMR0001000563,Cattle,,,,,,,,,,
MMR0001000564,Cattle,,,,,,,,,,
MMR0001000565,Cattle,,,,,,,,,,
MMR0001000566,Cattle,,,,,,,,,,
MMR0001000567,Cattle,,,,,,,,,,
MMR0001000568,Cattle,,,,,,,,,,
MMR0001000569,Cattle,,,,,,,,,,
MMR0001000570,Cattle,,,,,,,,,,
MMR0001000571,Cattle,,,,,,,,,,
MMR0001000572,Cattle,,,,,,,,,,
MMR0001000573,Cattle,,,,,,,,,,
MMR0001000574,Cattle,,,,,,,,,,
MMR0001000575,Cattle,,,,,,,,,,
MMR0001000576,Cattle,,,,,,,,,,
MMR0001000577,Cattle,,,,,,,,,,
MMR0001000578,Cattle,,,,,,,,,,
MMR0001000579,Cattle,,,,,,,,,,
MMR0001000580,Cattle,,,,,,,,,,
MMR0001000581,Cattle,,,,,,,,,,
MMR0001000582,Cattle,,,,,,,,,,
MMR0001000583,Cattle,,,,,,,,,,
MMR0001000584,Cattle,,,,,,,,,,
MMR0001000585,Cattle,,,,,,,,,,
MMR0001000586,Cattle,,,,,,,,,,
MMR0001000587,Cattle,,,,,,,,,,
MMR0001000588,Cattle,,,,,,,,,,
MMR0001000589,Cattle,,,,,,,,,,
MMR0001000590,Cattle,,,,,,,,,,
MMR0001000591,Cattle,,,,,,,,,,
MMR0001000592,Cattle,,,,,,,,,,
MMR0001000593,Cattle,,,,,,,,,,
MMR0001000594,Cattle,,,,,,,,,,
MMR0001000595,Cattle,,,,,,,,,,
MMR0001000596,Cattle,,,,,,,,,,
MMR0001000597,Cattle,,,,,,,,,,
MMR0001000598,Cattle,,,,,,,,,,
MMR0001000599,Cattle,,,,,,,,,,
MMR0001000600,Cattle,,,,,,,,,,
MMR0001000601,Cattle,,,,,,,,,,
MMR0001000602,Cattle,,,,,,,,,,
MMR0001000603,Cattle,,,,,,,,,,
MMR0001000604,Cattle,,,,,,,,,,
MMR0001000605,Cattle,,,,,,,,,,
MMR0001000606,Cattle,,,,,,,,,,
MMR0001000607,Cattle,,,,,,,,,,
MMR0001000608,Cattle,,,,,,,,,,
MMR0001000609,Cattle,,,,,,,,,,
MMR0001000610,Cattle,,,,,,,,,,
MMR0001000611,Cattle,,,,,,,,,,
MMR0001000612,Cattle,,,,,,,,,,
MMR0001000613,Cattle,,,,,,,,,,
MMR0001000614,Cattle,,,,,,,,,,
MMR0001000615,Cattle,,,,,,,,,,
MMR0001000616,Cattle,,,,,,,,,,
MMR0001000617,Cattle,,,,,,,,,,
MMR0001000618,Cattle,,,,,,,,,,
MMR0001000619,Cattle,,,,,,,,,,
MMR0001000620,Cattle,,,,,,,,,,
MMR0001000621,Cattle,,,,,,,,,,
MMR0001000622,Cattle,,,,,,,,,,
MMR0001000623,Cattle,,,,,,,,,,
MMR0001000624,Cattle,,,,,,,,,,
MMR0001000625,Cattle,,,,,,,,,,
MMR0001000626,Cattle,,,,,,,,,,
MMR0001000627,Cattle,,,,,,,,,,
MMR0001000628,Cattle,,,,,,,,,,
MMR0001000629,Cattle,,,,,,,,,,
MMR0001000630,Cattle,,,,,,,,,,
MMR0001000631,Cattle,,,,,,,,,,
MMR0001000632,Cattle,,,,,,,,,,
MMR0001000633,Cattle,,,,,,,,,,
MMR0001000634,Cattle,,,,,,,,,,
MMR0001000635,Cattle,,,,,,,,,,
MMR0001000636,Cattle,,,,,,,,,,
MMR0001000637,Cattle,,,,,,,,,,
MMR0001000638,Cattle,,,,,,,,,,
MMR0001000639,Cattle,,,,,,,,,,
MMR0001000640,Cattle,,,,,,,,,,
MMR0001000641,Cattle,,,,,,,,,,
MMR0001000642,Cattle,,,,,,,,,,
MMR0001000643,Cattle,,,,,,,,,,
MMR0001000644,Cattle,,,,,,,,,,
MMR0001000645,Cattle,,,,,,,,,,
MMR0001000646,Cattle,,,,,,,,,,
MMR0001000647,Cattle,,,,,,,,,,
MMR0001000648,Cattle,,,,,,,,,,
MMR0001000649,Cattle,,,,,,,,,,
MMR0001000650,Cattle,,,,,,,,,,
MMR0001000651,Cattle,,,,,,,,,,
MMR0001000652,Cattle,,,,,,,,,,
MMR0001000653,Cattle,,,,,,,,,,
MMR0001000654,Cattle,,,,,,,,,,
MMR0001000655,Cattle,,,,,,,,,,
MMR0001000656,Cattle,,,,,,,,,,
MMR0001000657,Cattle,,,,,,,,,,
MMR0001000658,Cattle,,,,,,,,,,
MMR0001000659,Cattle,,,,,,,,,,
MMR0001000660,Cattle,,,,,,,,,,
MMR0001000661,Cattle,,,,,,,,,,
MMR0001000662,Cattle,,,,,,,,,,
MMR0001000663,Cattle,,,,,,,,,,
MMR0001000664,Cattle,,,,,,,,,,
MMR0001000665,Cattle,,,,,,,,,,
MMR0001000666,Cattle,,,,,,,,,,
MMR0001000667,Cattle,,,,,,,,,,
MMR0001000668,Cattle,,,,,,,,,,
MMR0001000669,Cattle,,,,,,,,,,
MMR0001000670,Cattle,,,,,,,,,,
MMR0001000671,Cattle,,,,,,,,,,
MMR0001000672,Cattle,,,,,,,,,,
MMR0001000673,Cattle,,,,,,,,,,
MMR0001000674,Cattle,,,,,,,,,,
MMR0001000675,Cattle,,,,,,,,,,
MMR0001000676,Cattle,,,,,,,,,,
MMR0001000677,Cattle,,,,,,,,,,
MMR0001000678,Cattle,,,,,,,,,,
MMR0001000679,Cattle,,,,,,,,,,
MMR0001000680,Cattle,,,,,,,,,,
MMR0001000681,Cattle,,,,,,,,,,
MMR0001000682,Cattle,,,,,,,,,,
MMR0001000683,Cattle,,,,,,,,,,
MMR0001000684,Cattle,,,,,,,,,,
MMR0001000685,Cattle,,,,,,,,,,
MMR0001000686,Cattle,,,,,,,,,,
MMR0001000687,Cattle,,,,,,,,,,
MMR0001000688,Cattle,,,,,,,,,,
MMR0001000689,Cattle,,,,,,,,,,
MMR0001000690,Cattle,,,,,,,,,,
MMR0001000691,Cattle,,,,,,,,,,
MMR0001000692,Cattle,,,,,,,,,,
MMR0001000693,Cattle,,,,,,,,,,
MMR0001000694,Cattle,,,,,,,,,,
MMR0001000695,Cattle,,,,,,,,,,
MMR0001000696,Cattle,,,,,,,,,,
MMR0001000697,Cattle,,,,,,,,,,
MMR0001000698,Cattle,,,,,,,,,,
MMR0001000699,Cattle,,,,,,,,,,
MMR0001000700,Cattle,,,,,,,,,,
MMR0001000701,Cattle,,,,,,,,,,
MMR0001000702,Cattle,,,,,,,,,,
MMR0001000703,Cattle,,,,,,,,,,
MMR0001000704,Cattle,,,,,,,,,,
MMR0001000705,Cattle,,,,,,,,,,
MMR0001000706,Cattle,,,,,,,,,,
MMR0001000707,Cattle,,,,,,,,,,
MMR0001000708,Cattle,,,,,,,,,,
MMR0001000709,Cattle,,,,,,,,,,
MMR0001000710,Cattle,,,,,,,,,,
MMR0001000711,Cattle,,,,,,,,,,
MMR0001000712,Cattle,,,,,,,,,,
MMR0001000713,Cattle,,,,,,,,,,
MMR0001000714,Cattle,,,,,,,,,,
MMR0001000715,Cattle,,,,,,,,,,
MMR0001000716,Cattle,,,,,,,,,,
MMR0001000717,Cattle,,,,,,,,,,
MMR0001000718,Cattle,,,,,,,,,,
MMR0001000719,Cattle,,,,,,,,,,
MMR0001000720,Cattle,,,,,,,,,,
MMR0001000721,Cattle,,,,,,,,,,
MMR0001000722,Cattle,,,,,,,,,,
MMR0001000723,Cattle,,,,,,,,,,
MMR0001000724,Cattle,,,,,,,,,,
MMR0001000725,Cattle,,,,,,,,,,
MMR0001000726,Cattle,,,,,,,,,,
MMR0001000727,Cattle,,,,,,,,,,
MMR0001000728,Cattle,,,,,,,,,,
MMR0001000729,Cattle,,,,,,,,,,
MMR0001000730,Cattle,,,,,,,,,,
MMR0001000731,Cattle,,,,,,,,,,
MMR0001000732,Cattle,,,,,,,,,,
MMR0001000733,Cattle,,,,,,,,,,
MMR0001000734,Cattle,,,,,,,,,,
MMR0001000735,Cattle,,,,,,,,,,
MMR0001000736,Cattle,,,,,,,,,,
MMR0001000737,Cattle,,,,,,,,,,
MMR0001000738,Cattle,,,,,,,,,,
MMR0001000739,Cattle,,,,,,,,,,
MMR0001000740,Cattle,,,,,,,,,,
MMR0001000741,Cattle,,,,,,,,,,
MMR0001000742,Cattle,,,,,,,,,,
MMR0001000743,Cattle,,,,,,,,,,
MMR0001000744,Cattle,,,,,,,,,,
MMR0001000745,Cattle,,,,,,,,,,
MMR0001000746,Cattle,,,,,,,,,,
MMR0001000747,Cattle,,,,,,,,,,
MMR0001000748,Cattle,,,,,,,,,,
MMR0001000749,Cattle,,,,,,,,,,
MMR0001000750,Cattle,,,,,,,,,,
MMR0001000751,Cattle,,,,,,,,,,
MMR0001000752,Cattle,,,,,,,,,,
MMR0001000753,Cattle,,,,,,,,,,
MMR0001000754,Cattle,,,,,,,,,,
MMR0001000755,Cattle,,,,,,,,,,
MMR0001000756,Cattle,,,,,,,,,,
MMR0001000757,Cattle,,,,,,,,,,
MMR0001000758,Cattle,,,,,,,,,,
MMR0001000759,Cattle,,,,,,,,,,
MMR0001000760,Cattle,,,,,,,,,,
MMR0001000761,Cattle,,,,,,,,,,
MMR0001000762,Cattle,,,,,,,,,,
MMR0001000763,Cattle,,,,,,,,,,
MMR0001000764,Cattle,,,,,,,,,,
MMR0001000765,Cattle,,,,,,,,,,
MMR0001000766,Cattle,,,,,,,,,,
MMR0001000767,Cattle,,,,,,,,,,
MMR0001000768,Cattle,,,,,,,,,,
MMR0001000769,Cattle,,,,,,,,,,
MMR0001000770,Cattle,,,,,,,,,,
MMR0001000771,Cattle,,,,,,,,,,
MMR0001000772,Cattle,,,,,,,,,,
MMR0001000773,Cattle,,,,,,,,,,
MMR0001000774,Cattle,,,,,,,,,,
MMR0001000775,Cattle,,,,,,,,,,
MMR0001000776,Cattle,,,,,,,,,,
MMR0001000777,Cattle,,,,,,,,,,
MMR0001000778,Cattle,,,,,,,,,,
MMR0001000779,Cattle,,,,,,,,,,
MMR0001000780,Cattle,,,,,,,,,,
MMR0001000781,Cattle,,,,,,,,,,
MMR0001000782,Cattle,,,,,,,,,,
MMR0001000783,Cattle,,,,,,,,,,
MMR0001000784,Cattle,,,,,,,,,,
MMR0001000785,Cattle,,,,,,,,,,
MMR0001000786,Cattle,,,,,,,,,,
MMR0001000787,Cattle,,,,,,,,,,
MMR0001000788,Cattle,,,,,,,,,,
MMR0001000789,Cattle,,,,,,,,,,
MMR0001000790,Cattle,,,,,,,,,,
MMR0001000791,Cattle,,,,,,,,,,
MMR0001000792,Cattle,,,,,,,,,,
MMR0001000793,Cattle,,,,,,,,,,
MMR0001000794,Cattle,,,,,,,,,,
MMR0001000795,Cattle,,,,,,,,,,
MMR0001000796,Cattle,,,,,,,,,,
MMR0001000797,Cattle,,,,,,,,,,
MMR0001000798,Cattle,,,,,,,,,,
MMR0001000799,Cattle,,,,,,,,,,
MMR0001000800,Cattle,,,,,,,,,,
MMR0001000801,Cattle,,,,,,,,,,
MMR0001000802,Cattle,,,,,,,,,,
MMR0001000803,Cattle,,,,,,,,,,
MMR0001000804,Cattle,,,,,,,,,,
MMR0001000805,Cattle,,,,,,,,,,
MMR0001000806,Cattle,,,,,,,,,,
MMR0001000807,Cattle,,,,,,,,,,
MMR0001000808,Cattle,,,,,,,,,,
MMR0001000809,Cattle,,,,,,,,,,
MMR0001000810,Cattle,,,,,,,,,,
MMR0001000811,Cattle,,,,,,,,,,
MMR0001000812,Cattle,,,,,,,,,,
MMR0001000813,Cattle,,,,,,,,,,
MMR0001000814,Cattle,,,,,,,,,,
MMR0001000815,Cattle,,,,,,,,,,
MMR0001000816,Cattle,,,,,,,,,,
MMR0001000817,Cattle,,,,,,,,,,
MMR0001000818,Cattle,,,,,,,,,,
MMR0001000819,Cattle,,,,,,,,,,
MMR0001000820,Cattle,,,,,,,,,,
MMR0001000821,Cattle,,,,,,,,,,
MMR0001000822,Cattle,,,,,,,,,,
MMR0001000823,Cattle,,,,,,,,,,
MMR0001000824,Cattle,,,,,,,,,,
MMR0001000825,Cattle,,,,,,,,,,
MMR0001000826,Cattle,,,,,,,,,,
MMR0001000827,Cattle,,,,,,,,,,
MMR0001000828,Cattle,,,,,,,,,,
MMR0001000829,Cattle,,,,,,,,,,
MMR0001000830,Cattle,,,,,,,,,,
MMR0001000831,Cattle,,,,,,,,,,
MMR0001000832,Cattle,,,,,,,,,,
MMR0001000833,Cattle,,,,,,,,,,
MMR0001000834,Cattle,,,,,,,,,,
MMR0001000835,Cattle,,,,,,,,,,
MMR0001000836,Cattle,,,,,,,,,,
MMR0001000837,Cattle,,,,,,,,,,
MMR0001000838,Cattle,,,,,,,,,,
MMR0001000839,Cattle,,,,,,,,,,
MMR0001000840,Cattle,,,,,,,,,,
MMR0001000841,Cattle,,,,,,,,,,
MMR0001000842,Cattle,,,,,,,,,,
MMR0001000843,Cattle,,,,,,,,,,
MMR0001000844,Cattle,,,,,,,,,,
MMR0001000845,Cattle,,,,,,,,,,
MMR0001000846,Cattle,,,,,,,,,,
MMR0001000847,Cattle,,,,,,,,,,
MMR0001000848,Cattle,,,,,,,,,,
MMR0001000849,Cattle,,,,,,,,,,
MMR0001000850,Cattle,,,,,,,,,,
MMR0001000851,Cattle,,,,,,,,,,
MMR0001000852,Cattle,,,,,,,,,,
MMR0001000853,Cattle,,,,,,,,,,
MMR0001000854,Cattle,,,,,,,,,,
MMR0001000855,Cattle,,,,,,,,,,
MMR0001000856,Cattle,,,,,,,,,,
MMR0001000857,Cattle,,,,,,,,,,
MMR0001000858,Cattle,,,,,,,,,,
MMR0001000859,Cattle,,,,,,,,,,
MMR0001000860,Cattle,,,,,,,,,,
MMR0001000861,Cattle,,,,,,,,,,
MMR0001000862,Cattle,,,,,,,,,,
MMR0001000863,Cattle,,,,,,,,,,
MMR0001000864,Cattle,,,,,,,,,,
MMR0001000865,Cattle,,,,,,,,,,
MMR0001000866,Cattle,,,,,,,,,,
MMR0001000867,Cattle,,,,,,,,,,
MMR0001000868,Cattle,,,,,,,,,,
MMR0001000869,Cattle,,,,,,,,,,
MMR0001000870,Cattle,,,,,,,,,,
MMR0001000871,Cattle,,,,,,,,,,
MMR0001000872,Cattle,,,,,,,,,,
MMR0001000873,Cattle,,,,,,,,,,
MMR0001000874,Cattle,,,,,,,,,,
MMR0001000875,Cattle,,,,,,,,,,
MMR0001000876,Cattle,,,,,,,,,,
MMR0001000877,Cattle,,,,,,,,,,
MMR0001000878,Cattle,,,,,,,,,,
MMR0001000879,Cattle,,,,,,,,,,
MMR0001000880,Cattle,,,,,,,,,,
MMR0001000881,Cattle,,,,,,,,,,
MMR0001000882,Cattle,,,,,,,,,,
MMR0001000883,Cattle,,,,,,,,,,
MMR0001000884,Cattle,,,,,,,,,,
MMR0001000885,Cattle,,,,,,,,,,
MMR0001000886,Cattle,,,,,,,,,,
MMR0001000887,Cattle,,,,,,,,,,
MMR0001000888,Cattle,,,,,,,,,,
MMR0001000889,Cattle,,,,,,,,,,
MMR0001000890,Cattle,,,,,,,,,,
MMR0001000891,Cattle,,,,,,,,,,
MMR0001000892,Cattle,,,,,,,,,,
MMR0001000893,Cattle,,,,,,,,,,
MMR0001000894,Cattle,,,,,,,,,,
MMR0001000895,Cattle,,,,,,,,,,
MMR0001000896,Cattle,,,,,,,,,,
MMR0001000897,Cattle,,,,,,,,,,
MMR0001000898,Cattle,,,,,,,,,,
MMR0001000899,Cattle,,,,,,,,,,
MMR0001000900,Cattle,,,,,,,,,,
MMR0001000901,Cattle,,,,,,,,,,
MMR0001000902,Cattle,,,,,,,,,,
MMR0001000903,Cattle,,,,,,,,,,
MMR0001000904,Cattle,,,,,,,,,,
MMR0001000905,Cattle,,,,,,,,,,
MMR0001000906,Cattle,,,,,,,,,,
MMR0001000907,Cattle,,,,,,,,,,
MMR0001000908,Cattle,,,,,,,,,,
MMR0001000909,Cattle,,,,,,,,,,
MMR0001000910,Cattle,,,,,,,,,,
MMR0001000911,Cattle,,,,,,,,,,
MMR0001000912,Cattle,,,,,,,,,,
MMR0001000913,Cattle,,,,,,,,,,
MMR0001000914,Cattle,,,,,,,,,,
MMR0001000915,Cattle,,,,,,,,,,
MMR0001000916,Cattle,,,,,,,,,,
MMR0001000917,Cattle,,,,,,,,,,
MMR0001000918,Cattle,,,,,,,,,,
MMR0001000919,Cattle,,,,,,,,,,
MMR0001000920,Cattle,,,,,,,,,,
MMR0001000921,Cattle,,,,,,,,,,
MMR0001000922,Cattle,,,,,,,,,,
MMR0001000923,Cattle,,,,,,,,,,
MMR0001000924,Cattle,,,,,,,,,,
MMR0001000925,Cattle,,,,,,,,,,
MMR0001000926,Cattle,,,,,,,,,,
MMR0001000927,Cattle,,,,,,,,,,
MMR0001000928,Cattle,,,,,,,,,,
MMR0001000929,Cattle,,,,,,,,,,
MMR0001000930,Cattle,,,,,,,,,,
MMR0001000931,Cattle,,,,,,,,,,
MMR0001000932,Cattle,,,,,,,,,,
MMR0001000933,Cattle,,,,,,,,,,
MMR0001000934,Cattle,,,,,,,,,,
MMR0001000935,Cattle,,,,,,,,,,
MMR0001000936,Cattle,,,,,,,,,,
MMR0001000937,Cattle,,,,,,,,,,
MMR0001000938,Cattle,,,,,,,,,,
MMR0001000939,Cattle,,,,,,,,,,
MMR0001000940,Cattle,,,,,,,,,,
MMR0001000941,Cattle,,,,,,,,,,
MMR0001000942,Cattle,,,,,,,,,,
MMR0001000943,Cattle,,,,,,,,,,
MMR0001000944,Cattle,,,,,,,,,,
MMR0001000945,Cattle,,,,,,,,,,
MMR0001000946,Cattle,,,,,,,,,,
MMR0001000947,Cattle,,,,,,,,,,
MMR0001000948,Cattle,,,,,,,,,,
MMR0001000949,Cattle,,,,,,,,,,
MMR0001000950,Cattle,,,,,,,,,,
MMR0001000951,Cattle,,,,,,,,,,
MMR0001000952,Cattle,,,,,,,,,,
MMR0001000953,Cattle,,,,,,,,,,
MMR0001000954,Cattle,,,,,,,,,,
MMR0001000955,Cattle,,,,,,,,,,
MMR0001000956,Cattle,,,,,,,,,,
MMR0001000957,Cattle,,,,,,,,,,
MMR0001000958,Cattle,,,,,,,,,,
MMR0001000959,Cattle,,,,,,,,,,
MMR0001000960,Cattle,,,,,,,,,,
MMR0001000961,Cattle,,,,,,,,,,
MMR0001000962,Cattle,,,,,,,,,,
MMR0001000963,Cattle,,,,,,,,,,
MMR0001000964,Cattle,,,,,,,,,,
MMR0001000965,Cattle,,,,,,,,,,
MMR0001000966,Cattle,,,,,,,,,,
MMR0001000967,Cattle,,,,,,,,,,
MMR0001000968,Cattle,,,,,,,,,,
MMR0001000969,Cattle,,,,,,,,,,
MMR0001000970,Cattle,,,,,,,,,,
MMR0001000971,Cattle,,,,,,,,,,
MMR0001000972,Cattle,,,,,,,,,,
MMR0001000973,Cattle,,,,,,,,,,
MMR0001000974,Cattle,,,,,,,,,,
MMR0001000975,Cattle,,,,,,,,,,
MMR0001000976,Cattle,,,,,,,,,,
MMR0001000977,Cattle,,,,,,,,,,
MMR0001000978,Cattle,,,,,,,,,,
MMR0001000979,Cattle,,,,,,,,,,
MMR0001000980,Cattle,,,,,,,,,,
MMR0001000981,Cattle,,,,,,,,,,
MMR0001000982,Cattle,,,,,,,,,,
MMR0001000983,Cattle,,,,,,,,,,
MMR0001000984,Cattle,,,,,,,,,,
MMR0001000985,Cattle,,,,,,,,,,
MMR0001000986,Cattle,,,,,,,,,,
MMR0001000987,Cattle,,,,,,,,,,
MMR0001000988,Cattle,,,,,,,,,,
MMR0001000989,Cattle,,,,,,,,,,
MMR0001000990,Cattle,,,,,,,,,,
MMR0001000991,Cattle,,,,,,,,,,
MMR0001000992,Cattle,,,,,,,,,,
MMR0001000993,Cattle,,,,,,,,,,
MMR0001000994,Cattle,,,,,,,,,,
MMR0001000995,Cattle,,,,,,,,,,
MMR0001000996,Cattle,,,,,,,,,,
MMR0001000997,Cattle,,,,,,,,,,
MMR0001000998,Cattle,,,,,,,,,,
MMR0001000999,Cattle,,,,,,,,,,